id,dataset,classifier,reduction,accuracy,IC_Accuracy,precision,recall,f1,n_neighbors,weights,algorithm,leaf_size,n_jobs
0,euclidian_px_all,kneighborsclassifier,CFS,0.6863636363636363,"(0.5796768696193624, 0.7930504031079102)",0.6008333333333333,0.73,0.6412409812409813,1,uniform,auto,1,-1
1,euclidian_px_all,kneighborsclassifier,CFS,0.6863636363636363,"(0.5796768696193624, 0.7930504031079102)",0.6008333333333333,0.73,0.6412409812409813,1,uniform,auto,5,-1
2,euclidian_px_all,kneighborsclassifier,CFS,0.6863636363636363,"(0.5796768696193624, 0.7930504031079102)",0.6008333333333333,0.73,0.6412409812409813,1,uniform,auto,10,-1
3,euclidian_px_all,kneighborsclassifier,CFS,0.6863636363636363,"(0.5796768696193624, 0.7930504031079102)",0.6008333333333333,0.73,0.6412409812409813,1,uniform,auto,20,-1
4,euclidian_px_all,kneighborsclassifier,CFS,0.6863636363636363,"(0.5796768696193624, 0.7930504031079102)",0.6008333333333333,0.73,0.6412409812409813,1,uniform,auto,30,-1
5,euclidian_px_all,kneighborsclassifier,CFS,0.6863636363636363,"(0.5796768696193624, 0.7930504031079102)",0.6008333333333333,0.73,0.6412409812409813,1,uniform,brute,1,-1
6,euclidian_px_all,kneighborsclassifier,CFS,0.6863636363636363,"(0.5796768696193624, 0.7930504031079102)",0.6008333333333333,0.73,0.6412409812409813,1,uniform,brute,5,-1
7,euclidian_px_all,kneighborsclassifier,CFS,0.6863636363636363,"(0.5796768696193624, 0.7930504031079102)",0.6008333333333333,0.73,0.6412409812409813,1,uniform,brute,10,-1
8,euclidian_px_all,kneighborsclassifier,CFS,0.6863636363636363,"(0.5796768696193624, 0.7930504031079102)",0.6008333333333333,0.73,0.6412409812409813,1,uniform,brute,20,-1
9,euclidian_px_all,kneighborsclassifier,CFS,0.6863636363636363,"(0.5796768696193624, 0.7930504031079102)",0.6008333333333333,0.73,0.6412409812409813,1,uniform,brute,30,-1
10,euclidian_px_all,kneighborsclassifier,CFS,0.6863636363636363,"(0.5796768696193624, 0.7930504031079102)",0.6008333333333333,0.73,0.6412409812409813,1,distance,auto,1,-1
11,euclidian_px_all,kneighborsclassifier,CFS,0.6863636363636363,"(0.5796768696193624, 0.7930504031079102)",0.6008333333333333,0.73,0.6412409812409813,1,distance,auto,5,-1
12,euclidian_px_all,kneighborsclassifier,CFS,0.6863636363636363,"(0.5796768696193624, 0.7930504031079102)",0.6008333333333333,0.73,0.6412409812409813,1,distance,auto,10,-1
13,euclidian_px_all,kneighborsclassifier,CFS,0.6863636363636363,"(0.5796768696193624, 0.7930504031079102)",0.6008333333333333,0.73,0.6412409812409813,1,distance,auto,20,-1
14,euclidian_px_all,kneighborsclassifier,CFS,0.6863636363636363,"(0.5796768696193624, 0.7930504031079102)",0.6008333333333333,0.73,0.6412409812409813,1,distance,auto,30,-1
15,euclidian_px_all,kneighborsclassifier,CFS,0.6863636363636363,"(0.5796768696193624, 0.7930504031079102)",0.6008333333333333,0.73,0.6412409812409813,1,distance,brute,1,-1
16,euclidian_px_all,kneighborsclassifier,CFS,0.6863636363636363,"(0.5796768696193624, 0.7930504031079102)",0.6008333333333333,0.73,0.6412409812409813,1,distance,brute,5,-1
17,euclidian_px_all,kneighborsclassifier,CFS,0.6863636363636363,"(0.5796768696193624, 0.7930504031079102)",0.6008333333333333,0.73,0.6412409812409813,1,distance,brute,10,-1
18,euclidian_px_all,kneighborsclassifier,CFS,0.6863636363636363,"(0.5796768696193624, 0.7930504031079102)",0.6008333333333333,0.73,0.6412409812409813,1,distance,brute,20,-1
19,euclidian_px_all,kneighborsclassifier,CFS,0.6863636363636363,"(0.5796768696193624, 0.7930504031079102)",0.6008333333333333,0.73,0.6412409812409813,1,distance,brute,30,-1
20,euclidian_px_all,kneighborsclassifier,CFS,0.7518181818181817,"(0.6405272954656867, 0.8631090681706768)",0.6916666666666667,0.585,0.6050793650793651,2,uniform,auto,1,-1
21,euclidian_px_all,kneighborsclassifier,CFS,0.7518181818181817,"(0.6405272954656867, 0.8631090681706768)",0.6916666666666667,0.585,0.6050793650793651,2,uniform,auto,5,-1
22,euclidian_px_all,kneighborsclassifier,CFS,0.7518181818181817,"(0.6405272954656867, 0.8631090681706768)",0.6916666666666667,0.585,0.6050793650793651,2,uniform,auto,10,-1
23,euclidian_px_all,kneighborsclassifier,CFS,0.7518181818181817,"(0.6405272954656867, 0.8631090681706768)",0.6916666666666667,0.585,0.6050793650793651,2,uniform,auto,20,-1
24,euclidian_px_all,kneighborsclassifier,CFS,0.7518181818181817,"(0.6405272954656867, 0.8631090681706768)",0.6916666666666667,0.585,0.6050793650793651,2,uniform,auto,30,-1
25,euclidian_px_all,kneighborsclassifier,CFS,0.7518181818181817,"(0.6405272954656867, 0.8631090681706768)",0.6916666666666667,0.585,0.6050793650793651,2,uniform,brute,1,-1
26,euclidian_px_all,kneighborsclassifier,CFS,0.7518181818181817,"(0.6405272954656867, 0.8631090681706768)",0.6916666666666667,0.585,0.6050793650793651,2,uniform,brute,5,-1
27,euclidian_px_all,kneighborsclassifier,CFS,0.7518181818181817,"(0.6405272954656867, 0.8631090681706768)",0.6916666666666667,0.585,0.6050793650793651,2,uniform,brute,10,-1
28,euclidian_px_all,kneighborsclassifier,CFS,0.7518181818181817,"(0.6405272954656867, 0.8631090681706768)",0.6916666666666667,0.585,0.6050793650793651,2,uniform,brute,20,-1
29,euclidian_px_all,kneighborsclassifier,CFS,0.7518181818181817,"(0.6405272954656867, 0.8631090681706768)",0.6916666666666667,0.585,0.6050793650793651,2,uniform,brute,30,-1
30,euclidian_px_all,kneighborsclassifier,CFS,0.6863636363636363,"(0.5796768696193624, 0.7930504031079102)",0.6008333333333333,0.73,0.6412409812409813,2,distance,auto,1,-1
31,euclidian_px_all,kneighborsclassifier,CFS,0.6863636363636363,"(0.5796768696193624, 0.7930504031079102)",0.6008333333333333,0.73,0.6412409812409813,2,distance,auto,5,-1
32,euclidian_px_all,kneighborsclassifier,CFS,0.6863636363636363,"(0.5796768696193624, 0.7930504031079102)",0.6008333333333333,0.73,0.6412409812409813,2,distance,auto,10,-1
33,euclidian_px_all,kneighborsclassifier,CFS,0.6863636363636363,"(0.5796768696193624, 0.7930504031079102)",0.6008333333333333,0.73,0.6412409812409813,2,distance,auto,20,-1
34,euclidian_px_all,kneighborsclassifier,CFS,0.6863636363636363,"(0.5796768696193624, 0.7930504031079102)",0.6008333333333333,0.73,0.6412409812409813,2,distance,auto,30,-1
35,euclidian_px_all,kneighborsclassifier,CFS,0.6863636363636363,"(0.5796768696193624, 0.7930504031079102)",0.6008333333333333,0.73,0.6412409812409813,2,distance,brute,1,-1
36,euclidian_px_all,kneighborsclassifier,CFS,0.6863636363636363,"(0.5796768696193624, 0.7930504031079102)",0.6008333333333333,0.73,0.6412409812409813,2,distance,brute,5,-1
37,euclidian_px_all,kneighborsclassifier,CFS,0.6863636363636363,"(0.5796768696193624, 0.7930504031079102)",0.6008333333333333,0.73,0.6412409812409813,2,distance,brute,10,-1
38,euclidian_px_all,kneighborsclassifier,CFS,0.6863636363636363,"(0.5796768696193624, 0.7930504031079102)",0.6008333333333333,0.73,0.6412409812409813,2,distance,brute,20,-1
39,euclidian_px_all,kneighborsclassifier,CFS,0.6863636363636363,"(0.5796768696193624, 0.7930504031079102)",0.6008333333333333,0.73,0.6412409812409813,2,distance,brute,30,-1
40,euclidian_px_all,kneighborsclassifier,CFS,0.6509090909090909,"(0.5542041102926145, 0.7476140715255672)",0.5334523809523809,0.73,0.6076262626262625,3,uniform,auto,1,-1
41,euclidian_px_all,kneighborsclassifier,CFS,0.6509090909090909,"(0.5542041102926145, 0.7476140715255672)",0.5334523809523809,0.73,0.6076262626262625,3,uniform,auto,5,-1
42,euclidian_px_all,kneighborsclassifier,CFS,0.6509090909090909,"(0.5542041102926145, 0.7476140715255672)",0.5334523809523809,0.73,0.6076262626262625,3,uniform,auto,10,-1
43,euclidian_px_all,kneighborsclassifier,CFS,0.6509090909090909,"(0.5542041102926145, 0.7476140715255672)",0.5334523809523809,0.73,0.6076262626262625,3,uniform,auto,20,-1
44,euclidian_px_all,kneighborsclassifier,CFS,0.6509090909090909,"(0.5542041102926145, 0.7476140715255672)",0.5334523809523809,0.73,0.6076262626262625,3,uniform,auto,30,-1
45,euclidian_px_all,kneighborsclassifier,CFS,0.6509090909090909,"(0.5542041102926145, 0.7476140715255672)",0.5334523809523809,0.73,0.6076262626262625,3,uniform,brute,1,-1
46,euclidian_px_all,kneighborsclassifier,CFS,0.6509090909090909,"(0.5542041102926145, 0.7476140715255672)",0.5334523809523809,0.73,0.6076262626262625,3,uniform,brute,5,-1
47,euclidian_px_all,kneighborsclassifier,CFS,0.6509090909090909,"(0.5542041102926145, 0.7476140715255672)",0.5334523809523809,0.73,0.6076262626262625,3,uniform,brute,10,-1
48,euclidian_px_all,kneighborsclassifier,CFS,0.6509090909090909,"(0.5542041102926145, 0.7476140715255672)",0.5334523809523809,0.73,0.6076262626262625,3,uniform,brute,20,-1
49,euclidian_px_all,kneighborsclassifier,CFS,0.6509090909090909,"(0.5542041102926145, 0.7476140715255672)",0.5334523809523809,0.73,0.6076262626262625,3,uniform,brute,30,-1
50,euclidian_px_all,kneighborsclassifier,CFS,0.6509090909090909,"(0.5542041102926145, 0.7476140715255672)",0.5334523809523809,0.73,0.6076262626262625,3,distance,auto,1,-1
51,euclidian_px_all,kneighborsclassifier,CFS,0.6509090909090909,"(0.5542041102926145, 0.7476140715255672)",0.5334523809523809,0.73,0.6076262626262625,3,distance,auto,5,-1
52,euclidian_px_all,kneighborsclassifier,CFS,0.6509090909090909,"(0.5542041102926145, 0.7476140715255672)",0.5334523809523809,0.73,0.6076262626262625,3,distance,auto,10,-1
53,euclidian_px_all,kneighborsclassifier,CFS,0.6509090909090909,"(0.5542041102926145, 0.7476140715255672)",0.5334523809523809,0.73,0.6076262626262625,3,distance,auto,20,-1
54,euclidian_px_all,kneighborsclassifier,CFS,0.6509090909090909,"(0.5542041102926145, 0.7476140715255672)",0.5334523809523809,0.73,0.6076262626262625,3,distance,auto,30,-1
55,euclidian_px_all,kneighborsclassifier,CFS,0.6509090909090909,"(0.5542041102926145, 0.7476140715255672)",0.5334523809523809,0.73,0.6076262626262625,3,distance,brute,1,-1
56,euclidian_px_all,kneighborsclassifier,CFS,0.6509090909090909,"(0.5542041102926145, 0.7476140715255672)",0.5334523809523809,0.73,0.6076262626262625,3,distance,brute,5,-1
57,euclidian_px_all,kneighborsclassifier,CFS,0.6509090909090909,"(0.5542041102926145, 0.7476140715255672)",0.5334523809523809,0.73,0.6076262626262625,3,distance,brute,10,-1
58,euclidian_px_all,kneighborsclassifier,CFS,0.6509090909090909,"(0.5542041102926145, 0.7476140715255672)",0.5334523809523809,0.73,0.6076262626262625,3,distance,brute,20,-1
59,euclidian_px_all,kneighborsclassifier,CFS,0.6509090909090909,"(0.5542041102926145, 0.7476140715255672)",0.5334523809523809,0.73,0.6076262626262625,3,distance,brute,30,-1
60,euclidian_px_all,kneighborsclassifier,CFS,0.6499999999999999,"(0.5506090909090908, 0.749390909090909)",0.5404761904761904,0.755,0.6227272727272727,5,uniform,auto,1,-1
61,euclidian_px_all,kneighborsclassifier,CFS,0.6499999999999999,"(0.5506090909090908, 0.749390909090909)",0.5404761904761904,0.755,0.6227272727272727,5,uniform,auto,5,-1
62,euclidian_px_all,kneighborsclassifier,CFS,0.6499999999999999,"(0.5506090909090908, 0.749390909090909)",0.5404761904761904,0.755,0.6227272727272727,5,uniform,auto,10,-1
63,euclidian_px_all,kneighborsclassifier,CFS,0.6499999999999999,"(0.5506090909090908, 0.749390909090909)",0.5404761904761904,0.755,0.6227272727272727,5,uniform,auto,20,-1
64,euclidian_px_all,kneighborsclassifier,CFS,0.6499999999999999,"(0.5506090909090908, 0.749390909090909)",0.5404761904761904,0.755,0.6227272727272727,5,uniform,auto,30,-1
65,euclidian_px_all,kneighborsclassifier,CFS,0.6499999999999999,"(0.5506090909090908, 0.749390909090909)",0.5404761904761904,0.755,0.6227272727272727,5,uniform,brute,1,-1
66,euclidian_px_all,kneighborsclassifier,CFS,0.6499999999999999,"(0.5506090909090908, 0.749390909090909)",0.5404761904761904,0.755,0.6227272727272727,5,uniform,brute,5,-1
67,euclidian_px_all,kneighborsclassifier,CFS,0.6499999999999999,"(0.5506090909090908, 0.749390909090909)",0.5404761904761904,0.755,0.6227272727272727,5,uniform,brute,10,-1
68,euclidian_px_all,kneighborsclassifier,CFS,0.6499999999999999,"(0.5506090909090908, 0.749390909090909)",0.5404761904761904,0.755,0.6227272727272727,5,uniform,brute,20,-1
69,euclidian_px_all,kneighborsclassifier,CFS,0.6499999999999999,"(0.5506090909090908, 0.749390909090909)",0.5404761904761904,0.755,0.6227272727272727,5,uniform,brute,30,-1
70,euclidian_px_all,kneighborsclassifier,CFS,0.6499999999999999,"(0.5506090909090908, 0.749390909090909)",0.5404761904761904,0.755,0.6227272727272727,5,distance,auto,1,-1
71,euclidian_px_all,kneighborsclassifier,CFS,0.6499999999999999,"(0.5506090909090908, 0.749390909090909)",0.5404761904761904,0.755,0.6227272727272727,5,distance,auto,5,-1
72,euclidian_px_all,kneighborsclassifier,CFS,0.6499999999999999,"(0.5506090909090908, 0.749390909090909)",0.5404761904761904,0.755,0.6227272727272727,5,distance,auto,10,-1
73,euclidian_px_all,kneighborsclassifier,CFS,0.6499999999999999,"(0.5506090909090908, 0.749390909090909)",0.5404761904761904,0.755,0.6227272727272727,5,distance,auto,20,-1
74,euclidian_px_all,kneighborsclassifier,CFS,0.6499999999999999,"(0.5506090909090908, 0.749390909090909)",0.5404761904761904,0.755,0.6227272727272727,5,distance,auto,30,-1
75,euclidian_px_all,kneighborsclassifier,CFS,0.6499999999999999,"(0.5506090909090908, 0.749390909090909)",0.5404761904761904,0.755,0.6227272727272727,5,distance,brute,1,-1
76,euclidian_px_all,kneighborsclassifier,CFS,0.6499999999999999,"(0.5506090909090908, 0.749390909090909)",0.5404761904761904,0.755,0.6227272727272727,5,distance,brute,5,-1
77,euclidian_px_all,kneighborsclassifier,CFS,0.6499999999999999,"(0.5506090909090908, 0.749390909090909)",0.5404761904761904,0.755,0.6227272727272727,5,distance,brute,10,-1
78,euclidian_px_all,kneighborsclassifier,CFS,0.6499999999999999,"(0.5506090909090908, 0.749390909090909)",0.5404761904761904,0.755,0.6227272727272727,5,distance,brute,20,-1
79,euclidian_px_all,kneighborsclassifier,CFS,0.6499999999999999,"(0.5506090909090908, 0.749390909090909)",0.5404761904761904,0.755,0.6227272727272727,5,distance,brute,30,-1
80,euclidian_px_all,kneighborsclassifier,CFS,0.6772727272727272,"(0.5797910650853706, 0.7747543894600839)",0.5944444444444443,0.665,0.606935286935287,10,uniform,auto,1,-1
81,euclidian_px_all,kneighborsclassifier,CFS,0.6772727272727272,"(0.5797910650853706, 0.7747543894600839)",0.5944444444444443,0.665,0.606935286935287,10,uniform,auto,5,-1
82,euclidian_px_all,kneighborsclassifier,CFS,0.6772727272727272,"(0.5797910650853706, 0.7747543894600839)",0.5944444444444443,0.665,0.606935286935287,10,uniform,auto,10,-1
83,euclidian_px_all,kneighborsclassifier,CFS,0.6772727272727272,"(0.5797910650853706, 0.7747543894600839)",0.5944444444444443,0.665,0.606935286935287,10,uniform,auto,20,-1
84,euclidian_px_all,kneighborsclassifier,CFS,0.6772727272727272,"(0.5797910650853706, 0.7747543894600839)",0.5944444444444443,0.665,0.606935286935287,10,uniform,auto,30,-1
85,euclidian_px_all,kneighborsclassifier,CFS,0.6772727272727272,"(0.5797910650853706, 0.7747543894600839)",0.5944444444444443,0.665,0.606935286935287,10,uniform,brute,1,-1
86,euclidian_px_all,kneighborsclassifier,CFS,0.6772727272727272,"(0.5797910650853706, 0.7747543894600839)",0.5944444444444443,0.665,0.606935286935287,10,uniform,brute,5,-1
87,euclidian_px_all,kneighborsclassifier,CFS,0.6772727272727272,"(0.5797910650853706, 0.7747543894600839)",0.5944444444444443,0.665,0.606935286935287,10,uniform,brute,10,-1
88,euclidian_px_all,kneighborsclassifier,CFS,0.6772727272727272,"(0.5797910650853706, 0.7747543894600839)",0.5944444444444443,0.665,0.606935286935287,10,uniform,brute,20,-1
89,euclidian_px_all,kneighborsclassifier,CFS,0.6772727272727272,"(0.5797910650853706, 0.7747543894600839)",0.5944444444444443,0.665,0.606935286935287,10,uniform,brute,30,-1
90,euclidian_px_all,kneighborsclassifier,CFS,0.6690909090909091,"(0.5700812767687861, 0.7681005414130321)",0.566111111111111,0.78,0.6425702075702076,10,distance,auto,1,-1
91,euclidian_px_all,kneighborsclassifier,CFS,0.6690909090909091,"(0.5700812767687861, 0.7681005414130321)",0.566111111111111,0.78,0.6425702075702076,10,distance,auto,5,-1
92,euclidian_px_all,kneighborsclassifier,CFS,0.6690909090909091,"(0.5700812767687861, 0.7681005414130321)",0.566111111111111,0.78,0.6425702075702076,10,distance,auto,10,-1
93,euclidian_px_all,kneighborsclassifier,CFS,0.6690909090909091,"(0.5700812767687861, 0.7681005414130321)",0.566111111111111,0.78,0.6425702075702076,10,distance,auto,20,-1
94,euclidian_px_all,kneighborsclassifier,CFS,0.6690909090909091,"(0.5700812767687861, 0.7681005414130321)",0.566111111111111,0.78,0.6425702075702076,10,distance,auto,30,-1
95,euclidian_px_all,kneighborsclassifier,CFS,0.6690909090909091,"(0.5700812767687861, 0.7681005414130321)",0.566111111111111,0.78,0.6425702075702076,10,distance,brute,1,-1
96,euclidian_px_all,kneighborsclassifier,CFS,0.6690909090909091,"(0.5700812767687861, 0.7681005414130321)",0.566111111111111,0.78,0.6425702075702076,10,distance,brute,5,-1
97,euclidian_px_all,kneighborsclassifier,CFS,0.6690909090909091,"(0.5700812767687861, 0.7681005414130321)",0.566111111111111,0.78,0.6425702075702076,10,distance,brute,10,-1
98,euclidian_px_all,kneighborsclassifier,CFS,0.6690909090909091,"(0.5700812767687861, 0.7681005414130321)",0.566111111111111,0.78,0.6425702075702076,10,distance,brute,20,-1
99,euclidian_px_all,kneighborsclassifier,CFS,0.6690909090909091,"(0.5700812767687861, 0.7681005414130321)",0.566111111111111,0.78,0.6425702075702076,10,distance,brute,30,-1
100,euclidian_px_all,kneighborsclassifier,CFS,0.6690909090909091,"(0.5855216582311807, 0.7526601599506374)",0.5771428571428572,0.6849999999999999,0.6089177489177489,20,uniform,auto,1,-1
101,euclidian_px_all,kneighborsclassifier,CFS,0.6690909090909091,"(0.5855216582311807, 0.7526601599506374)",0.5771428571428572,0.6849999999999999,0.6089177489177489,20,uniform,auto,5,-1
102,euclidian_px_all,kneighborsclassifier,CFS,0.6690909090909091,"(0.5855216582311807, 0.7526601599506374)",0.5771428571428572,0.6849999999999999,0.6089177489177489,20,uniform,auto,10,-1
103,euclidian_px_all,kneighborsclassifier,CFS,0.6690909090909091,"(0.5855216582311807, 0.7526601599506374)",0.5771428571428572,0.6849999999999999,0.6089177489177489,20,uniform,auto,20,-1
104,euclidian_px_all,kneighborsclassifier,CFS,0.6690909090909091,"(0.5855216582311807, 0.7526601599506374)",0.5771428571428572,0.6849999999999999,0.6089177489177489,20,uniform,auto,30,-1
105,euclidian_px_all,kneighborsclassifier,CFS,0.6690909090909091,"(0.5855216582311807, 0.7526601599506374)",0.5771428571428572,0.6849999999999999,0.6089177489177489,20,uniform,brute,1,-1
106,euclidian_px_all,kneighborsclassifier,CFS,0.6690909090909091,"(0.5855216582311807, 0.7526601599506374)",0.5771428571428572,0.6849999999999999,0.6089177489177489,20,uniform,brute,5,-1
107,euclidian_px_all,kneighborsclassifier,CFS,0.6690909090909091,"(0.5855216582311807, 0.7526601599506374)",0.5771428571428572,0.6849999999999999,0.6089177489177489,20,uniform,brute,10,-1
108,euclidian_px_all,kneighborsclassifier,CFS,0.6690909090909091,"(0.5855216582311807, 0.7526601599506374)",0.5771428571428572,0.6849999999999999,0.6089177489177489,20,uniform,brute,20,-1
109,euclidian_px_all,kneighborsclassifier,CFS,0.6690909090909091,"(0.5855216582311807, 0.7526601599506374)",0.5771428571428572,0.6849999999999999,0.6089177489177489,20,uniform,brute,30,-1
110,euclidian_px_all,kneighborsclassifier,CFS,0.6690909090909091,"(0.5610062245694692, 0.7771755936123489)",0.5715873015873015,0.76,0.6392873792873793,20,distance,auto,1,-1
111,euclidian_px_all,kneighborsclassifier,CFS,0.6690909090909091,"(0.5610062245694692, 0.7771755936123489)",0.5715873015873015,0.76,0.6392873792873793,20,distance,auto,5,-1
112,euclidian_px_all,kneighborsclassifier,CFS,0.6690909090909091,"(0.5610062245694692, 0.7771755936123489)",0.5715873015873015,0.76,0.6392873792873793,20,distance,auto,10,-1
113,euclidian_px_all,kneighborsclassifier,CFS,0.6690909090909091,"(0.5610062245694692, 0.7771755936123489)",0.5715873015873015,0.76,0.6392873792873793,20,distance,auto,20,-1
114,euclidian_px_all,kneighborsclassifier,CFS,0.6690909090909091,"(0.5610062245694692, 0.7771755936123489)",0.5715873015873015,0.76,0.6392873792873793,20,distance,auto,30,-1
115,euclidian_px_all,kneighborsclassifier,CFS,0.6690909090909091,"(0.5610062245694692, 0.7771755936123489)",0.5715873015873015,0.76,0.6392873792873793,20,distance,brute,1,-1
116,euclidian_px_all,kneighborsclassifier,CFS,0.6690909090909091,"(0.5610062245694692, 0.7771755936123489)",0.5715873015873015,0.76,0.6392873792873793,20,distance,brute,5,-1
117,euclidian_px_all,kneighborsclassifier,CFS,0.6690909090909091,"(0.5610062245694692, 0.7771755936123489)",0.5715873015873015,0.76,0.6392873792873793,20,distance,brute,10,-1
118,euclidian_px_all,kneighborsclassifier,CFS,0.6690909090909091,"(0.5610062245694692, 0.7771755936123489)",0.5715873015873015,0.76,0.6392873792873793,20,distance,brute,20,-1
119,euclidian_px_all,kneighborsclassifier,CFS,0.6690909090909091,"(0.5610062245694692, 0.7771755936123489)",0.5715873015873015,0.76,0.6392873792873793,20,distance,brute,30,-1
120,euclidian_px_all,kneighborsclassifier,CFS,0.6409090909090909,"(0.5434274287217342, 0.7383907530964475)",0.5515873015873016,0.705,0.5994461094461094,25,uniform,auto,1,-1
121,euclidian_px_all,kneighborsclassifier,CFS,0.6409090909090909,"(0.5434274287217342, 0.7383907530964475)",0.5515873015873016,0.705,0.5994461094461094,25,uniform,auto,5,-1
122,euclidian_px_all,kneighborsclassifier,CFS,0.6409090909090909,"(0.5434274287217342, 0.7383907530964475)",0.5515873015873016,0.705,0.5994461094461094,25,uniform,auto,10,-1
123,euclidian_px_all,kneighborsclassifier,CFS,0.6409090909090909,"(0.5434274287217342, 0.7383907530964475)",0.5515873015873016,0.705,0.5994461094461094,25,uniform,auto,20,-1
124,euclidian_px_all,kneighborsclassifier,CFS,0.6409090909090909,"(0.5434274287217342, 0.7383907530964475)",0.5515873015873016,0.705,0.5994461094461094,25,uniform,auto,30,-1
125,euclidian_px_all,kneighborsclassifier,CFS,0.6409090909090909,"(0.5434274287217342, 0.7383907530964475)",0.5515873015873016,0.705,0.5994461094461094,25,uniform,brute,1,-1
126,euclidian_px_all,kneighborsclassifier,CFS,0.6409090909090909,"(0.5434274287217342, 0.7383907530964475)",0.5515873015873016,0.705,0.5994461094461094,25,uniform,brute,5,-1
127,euclidian_px_all,kneighborsclassifier,CFS,0.6409090909090909,"(0.5434274287217342, 0.7383907530964475)",0.5515873015873016,0.705,0.5994461094461094,25,uniform,brute,10,-1
128,euclidian_px_all,kneighborsclassifier,CFS,0.6409090909090909,"(0.5434274287217342, 0.7383907530964475)",0.5515873015873016,0.705,0.5994461094461094,25,uniform,brute,20,-1
129,euclidian_px_all,kneighborsclassifier,CFS,0.6409090909090909,"(0.5434274287217342, 0.7383907530964475)",0.5515873015873016,0.705,0.5994461094461094,25,uniform,brute,30,-1
130,euclidian_px_all,kneighborsclassifier,CFS,0.6690909090909091,"(0.5700812767687861, 0.7681005414130321)",0.5865873015873015,0.755,0.6400016650016649,25,distance,auto,1,-1
131,euclidian_px_all,kneighborsclassifier,CFS,0.6690909090909091,"(0.5700812767687861, 0.7681005414130321)",0.5865873015873015,0.755,0.6400016650016649,25,distance,auto,5,-1
132,euclidian_px_all,kneighborsclassifier,CFS,0.6690909090909091,"(0.5700812767687861, 0.7681005414130321)",0.5865873015873015,0.755,0.6400016650016649,25,distance,auto,10,-1
133,euclidian_px_all,kneighborsclassifier,CFS,0.6690909090909091,"(0.5700812767687861, 0.7681005414130321)",0.5865873015873015,0.755,0.6400016650016649,25,distance,auto,20,-1
134,euclidian_px_all,kneighborsclassifier,CFS,0.6690909090909091,"(0.5700812767687861, 0.7681005414130321)",0.5865873015873015,0.755,0.6400016650016649,25,distance,auto,30,-1
135,euclidian_px_all,kneighborsclassifier,CFS,0.6690909090909091,"(0.5700812767687861, 0.7681005414130321)",0.5865873015873015,0.755,0.6400016650016649,25,distance,brute,1,-1
136,euclidian_px_all,kneighborsclassifier,CFS,0.6690909090909091,"(0.5700812767687861, 0.7681005414130321)",0.5865873015873015,0.755,0.6400016650016649,25,distance,brute,5,-1
137,euclidian_px_all,kneighborsclassifier,CFS,0.6690909090909091,"(0.5700812767687861, 0.7681005414130321)",0.5865873015873015,0.755,0.6400016650016649,25,distance,brute,10,-1
138,euclidian_px_all,kneighborsclassifier,CFS,0.6690909090909091,"(0.5700812767687861, 0.7681005414130321)",0.5865873015873015,0.755,0.6400016650016649,25,distance,brute,20,-1
139,euclidian_px_all,kneighborsclassifier,CFS,0.6690909090909091,"(0.5700812767687861, 0.7681005414130321)",0.5865873015873015,0.755,0.6400016650016649,25,distance,brute,30,-1
140,euclidian_px_all,kneighborsclassifier,CFS,0.6409090909090909,"(0.5591558838802279, 0.7226622979379539)",0.5615873015873015,0.6599999999999999,0.5791863691863692,30,uniform,auto,1,-1
141,euclidian_px_all,kneighborsclassifier,CFS,0.6409090909090909,"(0.5591558838802279, 0.7226622979379539)",0.5615873015873015,0.6599999999999999,0.5791863691863692,30,uniform,auto,5,-1
142,euclidian_px_all,kneighborsclassifier,CFS,0.6409090909090909,"(0.5591558838802279, 0.7226622979379539)",0.5615873015873015,0.6599999999999999,0.5791863691863692,30,uniform,auto,10,-1
143,euclidian_px_all,kneighborsclassifier,CFS,0.6409090909090909,"(0.5591558838802279, 0.7226622979379539)",0.5615873015873015,0.6599999999999999,0.5791863691863692,30,uniform,auto,20,-1
144,euclidian_px_all,kneighborsclassifier,CFS,0.6409090909090909,"(0.5591558838802279, 0.7226622979379539)",0.5615873015873015,0.6599999999999999,0.5791863691863692,30,uniform,auto,30,-1
145,euclidian_px_all,kneighborsclassifier,CFS,0.6409090909090909,"(0.5591558838802279, 0.7226622979379539)",0.5615873015873015,0.6599999999999999,0.5791863691863692,30,uniform,brute,1,-1
146,euclidian_px_all,kneighborsclassifier,CFS,0.6409090909090909,"(0.5591558838802279, 0.7226622979379539)",0.5615873015873015,0.6599999999999999,0.5791863691863692,30,uniform,brute,5,-1
147,euclidian_px_all,kneighborsclassifier,CFS,0.6409090909090909,"(0.5591558838802279, 0.7226622979379539)",0.5615873015873015,0.6599999999999999,0.5791863691863692,30,uniform,brute,10,-1
148,euclidian_px_all,kneighborsclassifier,CFS,0.6409090909090909,"(0.5591558838802279, 0.7226622979379539)",0.5615873015873015,0.6599999999999999,0.5791863691863692,30,uniform,brute,20,-1
149,euclidian_px_all,kneighborsclassifier,CFS,0.6409090909090909,"(0.5591558838802279, 0.7226622979379539)",0.5615873015873015,0.6599999999999999,0.5791863691863692,30,uniform,brute,30,-1
150,euclidian_px_all,kneighborsclassifier,CFS,0.6599999999999999,"(0.5668084273664331, 0.7531915726335667)",0.5715873015873015,0.755,0.6316683316683316,30,distance,auto,1,-1
151,euclidian_px_all,kneighborsclassifier,CFS,0.6599999999999999,"(0.5668084273664331, 0.7531915726335667)",0.5715873015873015,0.755,0.6316683316683316,30,distance,auto,5,-1
152,euclidian_px_all,kneighborsclassifier,CFS,0.6599999999999999,"(0.5668084273664331, 0.7531915726335667)",0.5715873015873015,0.755,0.6316683316683316,30,distance,auto,10,-1
153,euclidian_px_all,kneighborsclassifier,CFS,0.6599999999999999,"(0.5668084273664331, 0.7531915726335667)",0.5715873015873015,0.755,0.6316683316683316,30,distance,auto,20,-1
154,euclidian_px_all,kneighborsclassifier,CFS,0.6599999999999999,"(0.5668084273664331, 0.7531915726335667)",0.5715873015873015,0.755,0.6316683316683316,30,distance,auto,30,-1
155,euclidian_px_all,kneighborsclassifier,CFS,0.6599999999999999,"(0.5668084273664331, 0.7531915726335667)",0.5715873015873015,0.755,0.6316683316683316,30,distance,brute,1,-1
156,euclidian_px_all,kneighborsclassifier,CFS,0.6599999999999999,"(0.5668084273664331, 0.7531915726335667)",0.5715873015873015,0.755,0.6316683316683316,30,distance,brute,5,-1
157,euclidian_px_all,kneighborsclassifier,CFS,0.6599999999999999,"(0.5668084273664331, 0.7531915726335667)",0.5715873015873015,0.755,0.6316683316683316,30,distance,brute,10,-1
158,euclidian_px_all,kneighborsclassifier,CFS,0.6599999999999999,"(0.5668084273664331, 0.7531915726335667)",0.5715873015873015,0.755,0.6316683316683316,30,distance,brute,20,-1
159,euclidian_px_all,kneighborsclassifier,CFS,0.6599999999999999,"(0.5668084273664331, 0.7531915726335667)",0.5715873015873015,0.755,0.6316683316683316,30,distance,brute,30,-1
160,euclidian_px_all,kneighborsclassifier,CFS,0.6590909090909091,"(0.5680905253845161, 0.750091292797302)",0.5671428571428572,0.71,0.6133621933621934,35,uniform,auto,1,-1
161,euclidian_px_all,kneighborsclassifier,CFS,0.6590909090909091,"(0.5680905253845161, 0.750091292797302)",0.5671428571428572,0.71,0.6133621933621934,35,uniform,auto,5,-1
162,euclidian_px_all,kneighborsclassifier,CFS,0.6590909090909091,"(0.5680905253845161, 0.750091292797302)",0.5671428571428572,0.71,0.6133621933621934,35,uniform,auto,10,-1
163,euclidian_px_all,kneighborsclassifier,CFS,0.6590909090909091,"(0.5680905253845161, 0.750091292797302)",0.5671428571428572,0.71,0.6133621933621934,35,uniform,auto,20,-1
164,euclidian_px_all,kneighborsclassifier,CFS,0.6590909090909091,"(0.5680905253845161, 0.750091292797302)",0.5671428571428572,0.71,0.6133621933621934,35,uniform,auto,30,-1
165,euclidian_px_all,kneighborsclassifier,CFS,0.6590909090909091,"(0.5680905253845161, 0.750091292797302)",0.5671428571428572,0.71,0.6133621933621934,35,uniform,brute,1,-1
166,euclidian_px_all,kneighborsclassifier,CFS,0.6590909090909091,"(0.5680905253845161, 0.750091292797302)",0.5671428571428572,0.71,0.6133621933621934,35,uniform,brute,5,-1
167,euclidian_px_all,kneighborsclassifier,CFS,0.6590909090909091,"(0.5680905253845161, 0.750091292797302)",0.5671428571428572,0.71,0.6133621933621934,35,uniform,brute,10,-1
168,euclidian_px_all,kneighborsclassifier,CFS,0.6590909090909091,"(0.5680905253845161, 0.750091292797302)",0.5671428571428572,0.71,0.6133621933621934,35,uniform,brute,20,-1
169,euclidian_px_all,kneighborsclassifier,CFS,0.6590909090909091,"(0.5680905253845161, 0.750091292797302)",0.5671428571428572,0.71,0.6133621933621934,35,uniform,brute,30,-1
170,euclidian_px_all,kneighborsclassifier,CFS,0.6690909090909091,"(0.5749462787353047, 0.7632355394465135)",0.5821428571428571,0.735,0.6317965367965368,35,distance,auto,1,-1
171,euclidian_px_all,kneighborsclassifier,CFS,0.6690909090909091,"(0.5749462787353047, 0.7632355394465135)",0.5821428571428571,0.735,0.6317965367965368,35,distance,auto,5,-1
172,euclidian_px_all,kneighborsclassifier,CFS,0.6690909090909091,"(0.5749462787353047, 0.7632355394465135)",0.5821428571428571,0.735,0.6317965367965368,35,distance,auto,10,-1
173,euclidian_px_all,kneighborsclassifier,CFS,0.6690909090909091,"(0.5749462787353047, 0.7632355394465135)",0.5821428571428571,0.735,0.6317965367965368,35,distance,auto,20,-1
174,euclidian_px_all,kneighborsclassifier,CFS,0.6690909090909091,"(0.5749462787353047, 0.7632355394465135)",0.5821428571428571,0.735,0.6317965367965368,35,distance,auto,30,-1
175,euclidian_px_all,kneighborsclassifier,CFS,0.6690909090909091,"(0.5749462787353047, 0.7632355394465135)",0.5821428571428571,0.735,0.6317965367965368,35,distance,brute,1,-1
176,euclidian_px_all,kneighborsclassifier,CFS,0.6690909090909091,"(0.5749462787353047, 0.7632355394465135)",0.5821428571428571,0.735,0.6317965367965368,35,distance,brute,5,-1
177,euclidian_px_all,kneighborsclassifier,CFS,0.6690909090909091,"(0.5749462787353047, 0.7632355394465135)",0.5821428571428571,0.735,0.6317965367965368,35,distance,brute,10,-1
178,euclidian_px_all,kneighborsclassifier,CFS,0.6690909090909091,"(0.5749462787353047, 0.7632355394465135)",0.5821428571428571,0.735,0.6317965367965368,35,distance,brute,20,-1
179,euclidian_px_all,kneighborsclassifier,CFS,0.6690909090909091,"(0.5749462787353047, 0.7632355394465135)",0.5821428571428571,0.735,0.6317965367965368,35,distance,brute,30,-1
180,euclidian_px_all,kneighborsclassifier,CFS,0.6590909090909091,"(0.5630660909318553, 0.7551157272499628)",0.5782539682539682,0.6849999999999999,0.6053768453768453,40,uniform,auto,1,-1
181,euclidian_px_all,kneighborsclassifier,CFS,0.6590909090909091,"(0.5630660909318553, 0.7551157272499628)",0.5782539682539682,0.6849999999999999,0.6053768453768453,40,uniform,auto,5,-1
182,euclidian_px_all,kneighborsclassifier,CFS,0.6590909090909091,"(0.5630660909318553, 0.7551157272499628)",0.5782539682539682,0.6849999999999999,0.6053768453768453,40,uniform,auto,10,-1
183,euclidian_px_all,kneighborsclassifier,CFS,0.6590909090909091,"(0.5630660909318553, 0.7551157272499628)",0.5782539682539682,0.6849999999999999,0.6053768453768453,40,uniform,auto,20,-1
184,euclidian_px_all,kneighborsclassifier,CFS,0.6590909090909091,"(0.5630660909318553, 0.7551157272499628)",0.5782539682539682,0.6849999999999999,0.6053768453768453,40,uniform,auto,30,-1
185,euclidian_px_all,kneighborsclassifier,CFS,0.6590909090909091,"(0.5630660909318553, 0.7551157272499628)",0.5782539682539682,0.6849999999999999,0.6053768453768453,40,uniform,brute,1,-1
186,euclidian_px_all,kneighborsclassifier,CFS,0.6590909090909091,"(0.5630660909318553, 0.7551157272499628)",0.5782539682539682,0.6849999999999999,0.6053768453768453,40,uniform,brute,5,-1
187,euclidian_px_all,kneighborsclassifier,CFS,0.6590909090909091,"(0.5630660909318553, 0.7551157272499628)",0.5782539682539682,0.6849999999999999,0.6053768453768453,40,uniform,brute,10,-1
188,euclidian_px_all,kneighborsclassifier,CFS,0.6590909090909091,"(0.5630660909318553, 0.7551157272499628)",0.5782539682539682,0.6849999999999999,0.6053768453768453,40,uniform,brute,20,-1
189,euclidian_px_all,kneighborsclassifier,CFS,0.6590909090909091,"(0.5630660909318553, 0.7551157272499628)",0.5782539682539682,0.6849999999999999,0.6053768453768453,40,uniform,brute,30,-1
190,euclidian_px_all,kneighborsclassifier,CFS,0.6690909090909091,"(0.5749462787353047, 0.7632355394465135)",0.5865873015873015,0.735,0.6321228771228771,40,distance,auto,1,-1
191,euclidian_px_all,kneighborsclassifier,CFS,0.6690909090909091,"(0.5749462787353047, 0.7632355394465135)",0.5865873015873015,0.735,0.6321228771228771,40,distance,auto,5,-1
192,euclidian_px_all,kneighborsclassifier,CFS,0.6690909090909091,"(0.5749462787353047, 0.7632355394465135)",0.5865873015873015,0.735,0.6321228771228771,40,distance,auto,10,-1
193,euclidian_px_all,kneighborsclassifier,CFS,0.6690909090909091,"(0.5749462787353047, 0.7632355394465135)",0.5865873015873015,0.735,0.6321228771228771,40,distance,auto,20,-1
194,euclidian_px_all,kneighborsclassifier,CFS,0.6690909090909091,"(0.5749462787353047, 0.7632355394465135)",0.5865873015873015,0.735,0.6321228771228771,40,distance,auto,30,-1
195,euclidian_px_all,kneighborsclassifier,CFS,0.6690909090909091,"(0.5749462787353047, 0.7632355394465135)",0.5865873015873015,0.735,0.6321228771228771,40,distance,brute,1,-1
196,euclidian_px_all,kneighborsclassifier,CFS,0.6690909090909091,"(0.5749462787353047, 0.7632355394465135)",0.5865873015873015,0.735,0.6321228771228771,40,distance,brute,5,-1
197,euclidian_px_all,kneighborsclassifier,CFS,0.6690909090909091,"(0.5749462787353047, 0.7632355394465135)",0.5865873015873015,0.735,0.6321228771228771,40,distance,brute,10,-1
198,euclidian_px_all,kneighborsclassifier,CFS,0.6690909090909091,"(0.5749462787353047, 0.7632355394465135)",0.5865873015873015,0.735,0.6321228771228771,40,distance,brute,20,-1
199,euclidian_px_all,kneighborsclassifier,CFS,0.6690909090909091,"(0.5749462787353047, 0.7632355394465135)",0.5865873015873015,0.735,0.6321228771228771,40,distance,brute,30,-1
