openFace,svc,PCA,0.0,False,,0.7709090909090909,0.7709090909090909,"(0.7083259272238033, 0.8334922545943785)",0.8416666666666668,0.52,0.6078571428571429,0.0003192555904388428,"{'C': 1, 'coef0': 0, 'degree': 2, 'gamma': 'scale', 'kernel': 'rbf', 'probability': True, 'random_state': 707878}"
openFace,svc,PCA,0.0,False,Random,0.726388888888889,0.7152777777777778,"(0.5562344043309546, 0.874321151224601)",0.7390476190476191,0.78,0.736998556998557,0.0002433371543884277,"{'C': 0.1, 'coef0': 0, 'degree': 2, 'gamma': 0.5, 'kernel': 'sigmoid', 'probability': True, 'random_state': 707878}"
openFace,svc,PCA,0.0,False,Smote,0.856043956043956,0.8063636363636364,"(0.7327897412222142, 0.8799375315050586)",0.9,0.485,0.6073809523809525,0.0003080010414123535,"{'C': 0.1, 'coef0': 0, 'degree': 3, 'gamma': 0.1, 'kernel': 'poly', 'probability': True, 'random_state': 707878}"
openFace,svc,PCA,0.0,False,Borderline,0.8565934065934065,0.7890909090909091,"(0.7277207124314838, 0.8504611057503343)",0.8666666666666668,0.45499999999999996,0.5784126984126984,0.00023863315582275387,"{'C': 0.01, 'coef0': 0, 'degree': 3, 'gamma': 0.5, 'kernel': 'poly', 'probability': True, 'random_state': 707878}"
openFace,svc,PCA,0.0,False,KMeans,0.8120879120879122,0.7709090909090909,"(0.7257730671440059, 0.8160451146741758)",0.8016666666666665,0.5900000000000001,0.6559523809523808,0.000305932362874349,"{'C': 1, 'coef0': 0, 'degree': 2, 'gamma': 'scale', 'kernel': 'rbf', 'probability': True, 'random_state': 707878}"
openFace,svc,PCA,0.0,False,SVM,0.7901515151515152,0.8272727272727274,"(0.7381636363636365, 0.9163818181818183)",0.745,0.71,0.7214285714285713,0.0003272028764088948,"{'C': 5, 'coef0': 0, 'degree': 2, 'gamma': 'auto', 'kernel': 'rbf', 'probability': True, 'random_state': 707878}"
openFace,svc,PCA,0.0,False,Tomek,0.856043956043956,0.7881818181818182,"(0.7176066246141953, 0.8587570117494411)",0.85,0.45999999999999996,0.5864285714285714,0.0003290224075317383,"{'C': 0.1, 'coef0': 0, 'degree': 3, 'gamma': 0.1, 'kernel': 'poly', 'probability': True, 'random_state': 707878}"
openFace,svc,PCA,0.0,True,,0.7709090909090909,0.7709090909090909,"(0.7083259272238033, 0.8334922545943785)",0.8416666666666668,0.52,0.6078571428571429,0.00032908797264099123,"{'C': 1, 'coef0': 0, 'degree': 2, 'gamma': 'scale', 'kernel': 'rbf', 'probability': True, 'random_state': 707878}"
openFace,svc,PCA,0.0,True,Random,0.7152777777777778,0.7152777777777778,"(0.5562344043309546, 0.874321151224601)",0.7390476190476191,0.78,0.736998556998557,0.0001920012633005778,"{'C': 0.1, 'coef0': 0, 'degree': 2, 'gamma': 0.5, 'kernel': 'sigmoid', 'probability': True, 'random_state': 707878}"
openFace,svc,PCA,0.0,True,Smote,0.856043956043956,0.7881818181818182,"(0.7176066246141953, 0.8587570117494411)",0.85,0.45999999999999996,0.5864285714285714,0.00034486174583435057,"{'C': 0.1, 'coef0': 0, 'degree': 3, 'gamma': 0.1, 'kernel': 'poly', 'probability': True, 'random_state': 707878}"
openFace,svc,PCA,0.0,True,Borderline,0.8565934065934065,0.7981818181818181,"(0.7385985068570038, 0.8577651295066324)",0.875,0.48,0.5962698412698413,0.0003054579099019368,"{'C': 0.01, 'coef0': 0, 'degree': 3, 'gamma': 0.5, 'kernel': 'poly', 'probability': True, 'random_state': 707878}"
openFace,svc,PCA,0.0,True,KMeans,0.8120879120879122,0.7709090909090909,"(0.7257730671440059, 0.8160451146741758)",0.8016666666666665,0.5900000000000001,0.6559523809523808,0.00017288804054260253,"{'C': 1, 'coef0': 0, 'degree': 2, 'gamma': 'scale', 'kernel': 'rbf', 'probability': True, 'random_state': 707878}"
openFace,svc,PCA,0.0,True,SVM,0.7901515151515152,0.8181818181818181,"(0.7212439067246078, 0.9151197296390284)",0.735,0.6849999999999999,0.7047619047619047,0.0002679383754730225,"{'C': 5, 'coef0': 0, 'degree': 2, 'gamma': 'scale', 'kernel': 'rbf', 'probability': True, 'random_state': 707878}"
openFace,svc,PCA,0.0,True,Tomek,0.856043956043956,0.7881818181818182,"(0.7176066246141953, 0.8587570117494411)",0.85,0.45999999999999996,0.5864285714285714,0.00028044780095418294,"{'C': 0.1, 'coef0': 0, 'degree': 3, 'gamma': 0.1, 'kernel': 'poly', 'probability': True, 'random_state': 707878}"
openFace,svc,PCA,0.98,False,,0.7518181818181818,0.7518181818181818,"(0.675609322026529, 0.8280270416098346)",0.775,0.495,0.594047619047619,0.00030515829722086585,"{'C': 1, 'coef0': 0, 'degree': 2, 'gamma': 'scale', 'kernel': 'rbf', 'probability': True, 'random_state': 707878}"
openFace,svc,PCA,0.98,False,Random,0.7694444444444445,0.7694444444444445,"(0.6838280232737715, 0.8550608656151175)",0.8141666666666667,0.75,0.7435103785103786,0.00021654407183329264,"{'C': 0.1, 'coef0': 0, 'degree': 2, 'gamma': 5, 'kernel': 'sigmoid', 'probability': True, 'random_state': 707878}"
openFace,svc,PCA,0.98,False,Smote,0.8917582417582418,0.860909090909091,"(0.781322534276113, 0.9404956475420689)",0.8516666666666666,0.755,0.7892857142857144,0.0002315855026245117,"{'C': 0.01, 'coef0': 0, 'degree': 3, 'gamma': 1, 'kernel': 'poly', 'probability': True, 'random_state': 707878}"
openFace,svc,PCA,0.98,False,Borderline,0.8851648351648352,0.8618181818181819,"(0.8055607762377197, 0.9180755873986441)",0.9800000000000001,0.665,0.7698412698412699,0.0002833151817321777,"{'C': 50, 'coef0': 0, 'degree': 3, 'gamma': 'auto', 'kernel': 'poly', 'probability': True, 'random_state': 707878}"
openFace,svc,PCA,0.98,False,SVM,0.7992424242424242,0.8181818181818181,"(0.7076555937778707, 0.9287080425857656)",0.8016666666666665,0.7150000000000001,0.744047619047619,0.00021927396456400552,"{'C': 1, 'coef0': 0, 'degree': 2, 'gamma': 0.1, 'kernel': 'rbf', 'probability': True, 'random_state': 707878}"
openFace,svc,PCA,0.98,False,Tomek,0.9005494505494507,0.860909090909091,"(0.781322534276113, 0.9404956475420689)",0.8516666666666666,0.755,0.7892857142857144,0.0002227111657460531,"{'C': 0.01, 'coef0': 0, 'degree': 3, 'gamma': 1, 'kernel': 'poly', 'probability': True, 'random_state': 707878}"
openFace,svc,PCA,0.98,True,,0.7518181818181818,0.7518181818181818,"(0.675609322026529, 0.8280270416098346)",0.775,0.495,0.594047619047619,0.0003073418140411377,"{'C': 1, 'coef0': 0, 'degree': 2, 'gamma': 'scale', 'kernel': 'rbf', 'probability': True, 'random_state': 707878}"
openFace,svc,PCA,0.98,True,Random,0.7694444444444445,0.7694444444444445,"(0.6838280232737715, 0.8550608656151175)",0.8141666666666667,0.75,0.7435103785103786,0.0002347517013549805,"{'C': 0.1, 'coef0': 0, 'degree': 2, 'gamma': 5, 'kernel': 'sigmoid', 'probability': True, 'random_state': 707878}"
openFace,svc,PCA,0.98,True,Smote,0.8917582417582418,0.860909090909091,"(0.781322534276113, 0.9404956475420689)",0.8516666666666666,0.755,0.7892857142857144,0.00029084324836730957,"{'C': 0.01, 'coef0': 0, 'degree': 3, 'gamma': 1, 'kernel': 'poly', 'probability': True, 'random_state': 707878}"
openFace,svc,PCA,0.98,True,Borderline,0.8851648351648352,0.8618181818181819,"(0.8055607762377197, 0.9180755873986441)",0.9800000000000001,0.665,0.7698412698412699,0.0002976457277933756,"{'C': 50, 'coef0': 0, 'degree': 3, 'gamma': 'auto', 'kernel': 'poly', 'probability': True, 'random_state': 707878}"
openFace,svc,PCA,0.98,True,SVM,0.7992424242424242,0.8181818181818181,"(0.7076555937778707, 0.9287080425857656)",0.8016666666666665,0.7150000000000001,0.744047619047619,0.0002064963181813558,"{'C': 1, 'coef0': 0, 'degree': 2, 'gamma': 0.1, 'kernel': 'rbf', 'probability': True, 'random_state': 707878}"
openFace,svc,PCA,0.98,True,Tomek,0.9005494505494507,0.860909090909091,"(0.781322534276113, 0.9404956475420689)",0.8516666666666666,0.755,0.7892857142857144,0.0002812333901723226,"{'C': 0.01, 'coef0': 0, 'degree': 3, 'gamma': 1, 'kernel': 'poly', 'probability': True, 'random_state': 707878}"
openFace,svc,PCA,0.99,False,,0.7709090909090909,0.7709090909090909,"(0.7163475979942987, 0.825470583823883)",0.8166666666666667,0.545,0.6238095238095238,0.0002128100395202637,"{'C': 1, 'coef0': 0, 'degree': 2, 'gamma': 'scale', 'kernel': 'rbf', 'probability': True, 'random_state': 707878}"
openFace,svc,PCA,0.99,False,Random,0.7388888888888889,0.7388888888888889,"(0.5885258645974294, 0.8892519131803485)",0.79,0.6599999999999999,0.706031746031746,0.00026915391286214195,"{'C': 1, 'coef0': 0, 'degree': 2, 'gamma': 0.01, 'kernel': 'sigmoid', 'probability': True, 'random_state': 707878}"
openFace,svc,PCA,0.99,False,Smote,0.8774725274725274,0.8327272727272728,"(0.7420397971051631, 0.9234147483493824)",0.825,0.605,0.6876984126984127,0.00027048587799072266,"{'C': 0.01, 'coef0': 0, 'degree': 3, 'gamma': 0.5, 'kernel': 'poly', 'probability': True, 'random_state': 707878}"
openFace,svc,PCA,0.99,False,Borderline,0.8769230769230768,0.86,"(0.7715683935938612, 0.9484316064061388)",0.9166666666666666,0.6849999999999999,0.775,0.00030084649721781413,"{'C': 0.01, 'coef0': 0, 'degree': 3, 'gamma': 0.5, 'kernel': 'poly', 'probability': True, 'random_state': 707878}"
openFace,svc,PCA,0.99,False,SVM,0.8075757575757576,0.8181818181818181,"(0.7165124789223613, 0.919851157441275)",0.7816666666666666,0.74,0.7456349206349207,0.0003047605355580648,"{'C': 1, 'coef0': 0, 'degree': 2, 'gamma': 'scale', 'kernel': 'rbf', 'probability': True, 'random_state': 707878}"
openFace,svc,PCA,0.99,False,Tomek,0.8774725274725274,0.8327272727272728,"(0.7420397971051631, 0.9234147483493824)",0.825,0.605,0.6876984126984127,0.00029940923055013014,"{'C': 0.01, 'coef0': 0, 'degree': 3, 'gamma': 0.5, 'kernel': 'poly', 'probability': True, 'random_state': 707878}"
openFace,svc,PCA,0.99,True,,0.7709090909090909,0.7709090909090909,"(0.7163475979942987, 0.825470583823883)",0.8166666666666667,0.545,0.6238095238095238,0.00031885902086893717,"{'C': 1, 'coef0': 0, 'degree': 2, 'gamma': 'scale', 'kernel': 'rbf', 'probability': True, 'random_state': 707878}"
openFace,svc,PCA,0.99,True,Random,0.7388888888888889,0.7388888888888889,"(0.5885258645974294, 0.8892519131803485)",0.79,0.6599999999999999,0.706031746031746,0.0002422201633453369,"{'C': 1, 'coef0': 0, 'degree': 2, 'gamma': 0.01, 'kernel': 'sigmoid', 'probability': True, 'random_state': 707878}"
openFace,svc,PCA,0.99,True,Smote,0.8774725274725274,0.8327272727272728,"(0.7420397971051631, 0.9234147483493824)",0.825,0.605,0.6876984126984127,0.00031534870465596516,"{'C': 0.01, 'coef0': 0, 'degree': 3, 'gamma': 0.5, 'kernel': 'poly', 'probability': True, 'random_state': 707878}"
openFace,svc,PCA,0.99,True,Borderline,0.8769230769230768,0.86,"(0.7715683935938612, 0.9484316064061388)",0.9166666666666666,0.6849999999999999,0.775,0.0002563234170277913,"{'C': 0.01, 'coef0': 0, 'degree': 3, 'gamma': 0.5, 'kernel': 'poly', 'probability': True, 'random_state': 707878}"
openFace,svc,PCA,0.99,True,SVM,0.8075757575757576,0.8181818181818181,"(0.7165124789223613, 0.919851157441275)",0.7816666666666666,0.74,0.7456349206349207,0.00031989296277364093,"{'C': 1, 'coef0': 0, 'degree': 2, 'gamma': 'scale', 'kernel': 'rbf', 'probability': True, 'random_state': 707878}"
openFace,svc,PCA,0.99,True,Tomek,0.8774725274725274,0.8327272727272728,"(0.7420397971051631, 0.9234147483493824)",0.825,0.605,0.6876984126984127,0.00026009837786356607,"{'C': 0.01, 'coef0': 0, 'degree': 3, 'gamma': 0.5, 'kernel': 'poly', 'probability': True, 'random_state': 707878}"
openFace,svc,mRMR,0.0,False,,0.78,0.7327272727272727,"(0.6644427876968665, 0.8010117577576789)",0.6854761904761905,0.5900000000000001,0.6072510822510823,0.0002513980865478516,"{'C': 5, 'coef0': 0, 'degree': 2, 'gamma': 'scale', 'kernel': 'linear', 'probability': True, 'random_state': 707878}"
openFace,svc,mRMR,0.0,False,Random,0.7958333333333334,0.7722222222222223,"(0.661870637069679, 0.8825738073747655)",0.7833333333333333,0.755,0.7553968253968255,0.00020165324211120602,"{'C': 10, 'coef0': 0, 'degree': 2, 'gamma': 'scale', 'kernel': 'poly', 'probability': True, 'random_state': 707878}"
openFace,svc,mRMR,0.0,False,Smote,0.8401098901098901,0.7881818181818182,"(0.7112366830862449, 0.8651269532773915)",0.7233333333333334,0.76,0.728174603174603,0.010065901279449462,"{'C': 50, 'coef0': 0, 'degree': 5, 'gamma': 'scale', 'kernel': 'poly', 'probability': True, 'random_state': 707878}"
openFace,svc,mRMR,0.0,False,Borderline,0.8384615384615385,0.7336363636363636,"(0.6684604848908651, 0.7988122423818622)",0.6404761904761905,0.71,0.6626479076479076,0.02165274620056152,"{'C': 1, 'coef0': 0, 'degree': 2, 'gamma': 5, 'kernel': 'poly', 'probability': True, 'random_state': 707878}"
openFace,svc,mRMR,0.0,False,KMeans,0.8346153846153846,0.7336363636363636,"(0.6342076435557978, 0.8330650837169294)",0.685,0.5650000000000001,0.6107142857142857,0.0018889586130777995,"{'C': 0.1, 'coef0': 0, 'degree': 5, 'gamma': 0.1, 'kernel': 'poly', 'probability': True, 'random_state': 707878}"
openFace,svc,mRMR,0.0,False,SVM,0.8175824175824177,0.7618181818181818,"(0.6801483509782598, 0.8434880126581039)",0.7216666666666667,0.6849999999999999,0.6861904761904761,0.007935667435328166,"{'C': 100, 'coef0': 0, 'degree': 5, 'gamma': 'scale', 'kernel': 'poly', 'probability': True, 'random_state': 707878}"
openFace,svc,mRMR,0.0,False,Tomek,0.8538461538461538,0.7427272727272727,"(0.6682646950941515, 0.8171898503603938)",0.655,0.735,0.6776190476190476,0.001247252623240153,"{'C': 100, 'coef0': 0, 'degree': 2, 'gamma': 'scale', 'kernel': 'linear', 'probability': True, 'random_state': 707878}"
openFace,svc,mRMR,0.0,True,,0.7436363636363637,0.7145454545454546,"(0.6181811739987226, 0.8109097350921866)",0.5933333333333334,0.42000000000000004,0.48095238095238085,0.0002952015399932861,"{'C': 5, 'coef0': 0, 'degree': 3, 'gamma': 'scale', 'kernel': 'poly', 'probability': True, 'random_state': 707878}"
openFace,svc,mRMR,0.0,True,Random,0.7861111111111111,0.6861111111111111,"(0.6142866285421689, 0.7579355936800534)",0.7516666666666666,0.605,0.6501082251082251,0.00014790455500284834,"{'C': 5, 'coef0': 0, 'degree': 2, 'gamma': 'scale', 'kernel': 'poly', 'probability': True, 'random_state': 707878}"
openFace,svc,mRMR,0.0,True,Smote,0.8401098901098901,0.7881818181818182,"(0.7112366830862449, 0.8651269532773915)",0.7221428571428572,0.735,0.718044733044733,0.011633584101994833,"{'C': 0.01, 'coef0': 0, 'degree': 5, 'gamma': 10, 'kernel': 'poly', 'probability': True, 'random_state': 707878}"
openFace,svc,mRMR,0.0,True,Borderline,0.8318681318681319,0.7327272727272727,"(0.6518436363636363, 0.813610909090909)",0.6371428571428572,0.71,0.6643939393939393,0.021478678782780966,"{'C': 10, 'coef0': 0, 'degree': 3, 'gamma': 10, 'kernel': 'poly', 'probability': True, 'random_state': 707878}"
openFace,svc,mRMR,0.0,True,KMeans,0.8214285714285714,0.7236363636363636,"(0.6398425242210048, 0.8074302030517224)",0.6516666666666666,0.62,0.6164285714285713,0.00014555811882019043,"{'C': 1, 'coef0': 0, 'degree': 2, 'gamma': 5, 'kernel': 'poly', 'probability': True, 'random_state': 707878}"
openFace,svc,mRMR,0.0,True,SVM,0.8175824175824177,0.7618181818181818,"(0.6801483509782598, 0.8434880126581039)",0.7216666666666667,0.6849999999999999,0.6861904761904761,0.008674176136652629,"{'C': 100, 'coef0': 0, 'degree': 5, 'gamma': 'scale', 'kernel': 'poly', 'probability': True, 'random_state': 707878}"
openFace,svc,mRMR,0.0,True,Tomek,0.8384615384615385,0.7427272727272727,"(0.6369782742715892, 0.8484762711829562)",0.6416666666666666,0.805,0.7050000000000001,0.01473235328992208,"{'C': 0.01, 'coef0': 0, 'degree': 5, 'gamma': 10, 'kernel': 'poly', 'probability': True, 'random_state': 707878}"
openFace,svc,mRMR,0.98,False,,0.76,0.6972727272727273,"(0.6053067952225858, 0.7892386593228687)",0.625,0.5650000000000001,0.5737301587301588,0.0018581259250640871,"{'C': 5, 'coef0': 0, 'degree': 3, 'gamma': 0.5, 'kernel': 'poly', 'probability': True, 'random_state': 707878}"
openFace,svc,mRMR,0.98,False,Random,0.7597222222222222,0.7097222222222223,"(0.6211777409597684, 0.7982667034846761)",0.6766666666666665,0.655,0.6608225108225108,0.00013787428538004556,"{'C': 0.01, 'coef0': 0, 'degree': 2, 'gamma': 10, 'kernel': 'poly', 'probability': True, 'random_state': 707878}"
openFace,svc,mRMR,0.98,False,Smote,0.8258241758241759,0.760909090909091,"(0.6575871914599174, 0.8642309903582646)",0.6745238095238094,0.765,0.7038311688311687,0.02322560985883077,"{'C': 10, 'coef0': 0, 'degree': 5, 'gamma': 0.5, 'kernel': 'poly', 'probability': True, 'random_state': 707878}"
openFace,svc,mRMR,0.98,False,Borderline,0.7824175824175823,0.760909090909091,"(0.672273165334416, 0.849545016483766)",0.6988095238095238,0.71,0.6804256854256854,0.004532457192738851,"{'C': 1, 'coef0': 0, 'degree': 2, 'gamma': 10, 'kernel': 'poly', 'probability': True, 'random_state': 707878}"
openFace,svc,mRMR,0.98,False,KMeans,0.7972527472527472,0.6518181818181819,"(0.5232136829829499, 0.7804226806534138)",0.5463492063492064,0.65,0.5731546231546231,0.00022737264633178713,"{'C': 100, 'coef0': 0, 'degree': 2, 'gamma': 'auto', 'kernel': 'sigmoid', 'probability': True, 'random_state': 707878}"
openFace,svc,mRMR,0.98,False,SVM,0.7967032967032968,0.769090909090909,"(0.6944927929690818, 0.8436890252127363)",0.6983333333333333,0.735,0.7050793650793651,0.00042216102282206216,"{'C': 100, 'coef0': 0, 'degree': 2, 'gamma': 'scale', 'kernel': 'linear', 'probability': True, 'random_state': 707878}"
openFace,svc,mRMR,0.98,False,Tomek,0.8307692307692307,0.7236363636363636,"(0.6519285133797164, 0.7953442138930109)",0.63,0.735,0.6628571428571429,0.04167914112408956,"{'C': 0.1, 'coef0': 0, 'degree': 3, 'gamma': 5, 'kernel': 'poly', 'probability': True, 'random_state': 707878}"
openFace,svc,mRMR,0.98,True,,0.7509090909090909,0.7509090909090909,"(0.6924080451884097, 0.809410136629772)",0.8266666666666665,0.485,0.5711904761904761,0.00011920928955078125,"{'C': 5, 'coef0': 0, 'degree': 2, 'gamma': 5, 'kernel': 'poly', 'probability': True, 'random_state': 707878}"
openFace,svc,mRMR,0.98,True,Random,0.775,0.6708333333333333,"(0.5681147652158254, 0.7735519014508412)",0.7291666666666666,0.6,0.6221611721611722,0.0004083768526713053,"{'C': 100, 'coef0': 0, 'degree': 2, 'gamma': 'scale', 'kernel': 'poly', 'probability': True, 'random_state': 707878}"
openFace,svc,mRMR,0.98,True,Smote,0.8192307692307693,0.760909090909091,"(0.6575871914599174, 0.8642309903582646)",0.6745238095238094,0.765,0.7038311688311687,0.02341308434804281,"{'C': 50, 'coef0': 0, 'degree': 5, 'gamma': 10, 'kernel': 'poly', 'probability': True, 'random_state': 707878}"
openFace,svc,mRMR,0.98,True,Borderline,0.7747252747252746,0.7518181818181818,"(0.6696750982474247, 0.833961265388939)",0.7333333333333333,0.635,0.6606349206349206,0.0017610156536102296,"{'C': 1, 'coef0': 0, 'degree': 5, 'gamma': 10, 'kernel': 'poly', 'probability': True, 'random_state': 707878}"
openFace,svc,mRMR,0.98,True,KMeans,0.7972527472527472,0.6518181818181817,"(0.5196107198940159, 0.7840256437423476)",0.5475396825396825,0.65,0.5782844932844933,0.00022586027781168618,"{'C': 100, 'coef0': 0, 'degree': 2, 'gamma': 1, 'kernel': 'sigmoid', 'probability': True, 'random_state': 707878}"
openFace,svc,mRMR,0.98,True,SVM,0.7895604395604395,0.7872727272727272,"(0.7073239230755287, 0.8672215314699258)",0.7283333333333333,0.755,0.7291269841269841,0.0006311221917470296,"{'C': 100, 'coef0': 0, 'degree': 2, 'gamma': 10, 'kernel': 'poly', 'probability': True, 'random_state': 707878}"
openFace,svc,mRMR,0.98,True,Tomek,0.823076923076923,0.7227272727272728,"(0.6354158603731439, 0.8100386850814016)",0.6121428571428572,0.76,0.6682034632034632,0.027762800057729083,"{'C': 5, 'coef0': 0, 'degree': 5, 'gamma': 10, 'kernel': 'poly', 'probability': True, 'random_state': 707878}"
openFace,svc,mRMR,0.99,False,,0.77,0.6509090909090909,"(0.5644656901170357, 0.737352491701146)",0.5571428571428572,0.44000000000000006,0.4703463203463204,0.002069351275761922,"{'C': 0.1, 'coef0': 0, 'degree': 2, 'gamma': 10, 'kernel': 'poly', 'probability': True, 'random_state': 707878}"
openFace,svc,mRMR,0.99,False,Random,0.7958333333333333,0.7125,"(0.587266057527433, 0.837733942472567)",0.7133333333333334,0.705,0.6963780663780663,0.00022671222686767578,"{'C': 50, 'coef0': 0, 'degree': 2, 'gamma': 0.1, 'kernel': 'poly', 'probability': True, 'random_state': 707878}"
openFace,svc,mRMR,0.99,False,Smote,0.8335164835164836,0.7245454545454546,"(0.649204676149846, 0.7998862329410632)",0.6366666666666667,0.63,0.6208225108225107,0.0010976664225260417,"{'C': 0.01, 'coef0': 0, 'degree': 5, 'gamma': 1, 'kernel': 'poly', 'probability': True, 'random_state': 707878}"
openFace,svc,mRMR,0.99,False,Borderline,0.8115384615384615,0.6890909090909091,"(0.574646682478298, 0.8035351357035202)",0.5913095238095237,0.71,0.6266378066378067,0.0004973379770914714,"{'C': 50, 'coef0': 0, 'degree': 2, 'gamma': 'scale', 'kernel': 'linear', 'probability': True, 'random_state': 707878}"
openFace,svc,mRMR,0.99,False,KMeans,0.8137362637362638,0.7327272727272727,"(0.6312336960710165, 0.8342208493835288)",0.6683333333333333,0.61,0.6252380952380953,0.00026486635208129884,"{'C': 5, 'coef0': 0, 'degree': 3, 'gamma': 'scale', 'kernel': 'poly', 'probability': True, 'random_state': 707878}"
openFace,svc,mRMR,0.99,False,SVM,0.8032967032967033,0.7509090909090909,"(0.6557221823710739, 0.8460959994471078)",0.6604761904761904,0.71,0.673124098124098,0.013004040718078614,"{'C': 0.01, 'coef0': 0, 'degree': 3, 'gamma': 10, 'kernel': 'poly', 'probability': True, 'random_state': 707878}"
openFace,svc,mRMR,0.99,False,Tomek,0.8762820512820513,0.76,"(0.6926159482291406, 0.8273840517708594)",0.6538095238095238,0.805,0.7114862914862915,0.005843549569447835,"{'C': 100, 'coef0': 0, 'degree': 5, 'gamma': 0.1, 'kernel': 'poly', 'probability': True, 'random_state': 707878}"
openFace,svc,mRMR,0.99,True,,0.7436363636363637,0.7154545454545456,"(0.6029877671237907, 0.8279213237853005)",0.615,0.545,0.5673015873015872,0.0003854155540466309,"{'C': 10, 'coef0': 0, 'degree': 2, 'gamma': 10, 'kernel': 'poly', 'probability': True, 'random_state': 707878}"
openFace,svc,mRMR,0.99,True,Random,0.7722222222222223,0.7,"(0.5737065630279141, 0.8262934369720858)",0.7316666666666667,0.655,0.6747113997113996,0.00026190002759297686,"{'C': 1, 'coef0': 0, 'degree': 3, 'gamma': 10, 'kernel': 'poly', 'probability': True, 'random_state': 707878}"
openFace,svc,mRMR,0.99,True,Smote,0.8335164835164836,0.7245454545454546,"(0.649204676149846, 0.7998862329410632)",0.6366666666666667,0.63,0.6208225108225107,0.0012127919991811117,"{'C': 5, 'coef0': 0, 'degree': 5, 'gamma': 10, 'kernel': 'poly', 'probability': True, 'random_state': 707878}"
openFace,svc,mRMR,0.99,True,Borderline,0.8043956043956044,0.7254545454545455,"(0.6294028196514551, 0.8215062712576359)",0.6283333333333333,0.76,0.6772943722943723,0.0006420715649922689,"{'C': 50, 'coef0': 0, 'degree': 2, 'gamma': 5, 'kernel': 'poly', 'probability': True, 'random_state': 707878}"
openFace,svc,mRMR,0.99,True,KMeans,0.8351648351648352,0.7245454545454545,"(0.627411442169096, 0.821679466921813)",0.6545238095238095,0.6900000000000001,0.6482756132756132,0.000264588991800944,"{'C': 100, 'coef0': 0, 'degree': 2, 'gamma': 'scale', 'kernel': 'rbf', 'probability': True, 'random_state': 707878}"
openFace,svc,mRMR,0.99,True,SVM,0.8032967032967033,0.7509090909090909,"(0.6607933226481688, 0.8410248591700129)",0.667142857142857,0.6849999999999999,0.6612193362193362,0.009898159503936767,"{'C': 5, 'coef0': 0, 'degree': 5, 'gamma': 10, 'kernel': 'poly', 'probability': True, 'random_state': 707878}"
openFace,svc,mRMR,0.99,True,Tomek,0.8762820512820513,0.7336363636363636,"(0.6553593752822814, 0.8119133519904459)",0.6304761904761904,0.76,0.6798701298701297,0.008669946193695068,"{'C': 1, 'coef0': 0, 'degree': 5, 'gamma': 10, 'kernel': 'poly', 'probability': True, 'random_state': 707878}"
openFace,svc,FCBF,0.0,False,,0.7618181818181818,0.760909090909091,"(0.6968970308625266, 0.8249211509556553)",0.8266666666666665,0.515,0.6061904761904763,0.00022610505421956378,"{'C': 100, 'coef0': 0, 'degree': 2, 'gamma': 0.01, 'kernel': 'rbf', 'probability': True, 'random_state': 707878}"
openFace,svc,FCBF,0.0,False,Random,0.7861111111111111,0.7375,"(0.628825778459337, 0.8461742215406631)",0.78,0.71,0.7177777777777778,0.0003241539001464844,"{'C': 0.1, 'coef0': 0, 'degree': 2, 'gamma': 1, 'kernel': 'poly', 'probability': True, 'random_state': 707878}"
openFace,svc,FCBF,0.0,False,Smote,0.8098901098901099,0.7872727272727272,"(0.701648506632008, 0.8728969479134465)",0.700952380952381,0.8099999999999999,0.7387085137085136,0.020004996458689372,"{'C': 1, 'coef0': 0, 'degree': 2, 'gamma': 5, 'kernel': 'poly', 'probability': True, 'random_state': 707878}"
openFace,svc,FCBF,0.0,False,,0.77,0.7618181818181818,"(0.6801483509782598, 0.8434880126581039)",0.6933333333333332,0.615,0.6290476190476191,0.0002373977502187093,"{'C': 5, 'coef0': 0, 'degree': 2, 'gamma': 'scale', 'kernel': 'linear', 'probability': True, 'random_state': 707878}"
openFace,svc,FCBF,0.0,False,Random,0.7833333333333333,0.726388888888889,"(0.5993292824517409, 0.8534484953260371)",0.7466666666666667,0.735,0.7225396825396824,0.00021547238032023115,"{'C': 50, 'coef0': 0, 'degree': 2, 'gamma': 0.1, 'kernel': 'rbf', 'probability': True, 'random_state': 707878}"
openFace,svc,FCBF,0.0,False,Smote,0.8098901098901099,0.7872727272727272,"(0.701648506632008, 0.8728969479134465)",0.700952380952381,0.8099999999999999,0.7387085137085136,0.018814260164896644,"{'C': 1, 'coef0': 0, 'degree': 2, 'gamma': 5, 'kernel': 'poly', 'probability': True, 'random_state': 707878}"
openFace,svc,FCBF,0.0,False,KMeans,0.7961538461538462,0.7145454545454546,"(0.6541476122108341, 0.7749432968800751)",0.6199999999999999,0.635,0.6136507936507937,0.03840536077817281,"{'C': 1, 'coef0': 0, 'degree': 2, 'gamma': 10, 'kernel': 'poly', 'probability': True, 'random_state': 707878}"
openFace,svc,FCBF,0.0,False,SVM,0.8021978021978022,0.7790909090909091,"(0.6955863392352607, 0.8625954789465574)",0.6966666666666665,0.805,0.7360317460317459,0.017145416736602782,"{'C': 0.01, 'coef0': 0, 'degree': 5, 'gamma': 0.5, 'kernel': 'poly', 'probability': True, 'random_state': 707878}"
openFace,svc,FCBF,0.0,False,Tomek,0.8788461538461538,0.7509090909090909,"(0.646314926193453, 0.8555032556247287)",0.660952380952381,0.75,0.6939105339105339,0.00874568223953247,"{'C': 100, 'coef0': 0, 'degree': 5, 'gamma': 'scale', 'kernel': 'poly', 'probability': True, 'random_state': 707878}"
openFace,svc,FCBF,0.0,True,,0.7509090909090909,0.7245454545454546,"(0.649204676149846, 0.7998862329410632)",0.6849999999999999,0.5650000000000001,0.6027777777777776,0.0021655694643656414,"{'C': 50, 'coef0': 0, 'degree': 5, 'gamma': 1, 'kernel': 'poly', 'probability': True, 'random_state': 707878}"
openFace,svc,FCBF,0.0,True,Random,0.7722222222222223,0.7722222222222223,"(0.6702376162972151, 0.8742068281472294)",0.7883333333333333,0.755,0.755,0.00013836105664571127,"{'C': 1, 'coef0': 0, 'degree': 2, 'gamma': 5, 'kernel': 'poly', 'probability': True, 'random_state': 707878}"
openFace,svc,FCBF,0.0,True,Smote,0.8098901098901099,0.7418181818181818,"(0.6709009604661187, 0.812735403170245)",0.6588095238095237,0.735,0.6717748917748918,0.00024336616198221842,"{'C': 50, 'coef0': 0, 'degree': 2, 'gamma': 'scale', 'kernel': 'linear', 'probability': True, 'random_state': 707878}"
openFace,svc,FCBF,0.0,True,Borderline,0.8175824175824176,0.7236363636363636,"(0.6398425242210048, 0.8074302030517224)",0.6180952380952381,0.7,0.6504761904761904,0.034103730916976924,"{'C': 50, 'coef0': 0, 'degree': 3, 'gamma': 10, 'kernel': 'poly', 'probability': True, 'random_state': 707878}"
openFace,svc,FCBF,0.0,True,KMeans,0.8060439560439561,0.6972727272727274,"(0.6359599772201627, 0.758585477325292)",0.6361904761904762,0.5900000000000001,0.5826406926406926,0.008576461871465046,"{'C': 50, 'coef0': 0, 'degree': 5, 'gamma': 'scale', 'kernel': 'poly', 'probability': True, 'random_state': 707878}"
openFace,svc,FCBF,0.0,True,SVM,0.7950549450549451,0.789090909090909,"(0.6828653567027698, 0.8953164614790481)",0.7226190476190476,0.8,0.738910533910534,0.011568748553593956,"{'C': 0.01, 'coef0': 0, 'degree': 5, 'gamma': 10, 'kernel': 'poly', 'probability': True, 'random_state': 707878}"
openFace,svc,FCBF,0.0,True,Tomek,0.8307692307692308,0.7427272727272728,"(0.6512736611470056, 0.83418088430754)",0.6516666666666666,0.6849999999999999,0.6590476190476189,0.021739090681076052,"{'C': 5, 'coef0': 0, 'degree': 3, 'gamma': 10, 'kernel': 'poly', 'probability': True, 'random_state': 707878}"
openFace,svc,FCBF,0.98,False,,0.7427272727272728,0.7345454545454546,"(0.6710677743657903, 0.7980231347251189)",0.7283333333333333,0.52,0.5845238095238094,0.00019016782442728676,"{'C': 5, 'coef0': 0, 'degree': 2, 'gamma': 'scale', 'kernel': 'linear', 'probability': True, 'random_state': 707878}"
openFace,svc,FCBF,0.98,False,Random,0.7972222222222223,0.711111111111111,"(0.6084192377023669, 0.8138029845198551)",0.7471428571428571,0.755,0.7303174603174603,0.00016205588976542156,"{'C': 10, 'coef0': 0, 'degree': 2, 'gamma': 'scale', 'kernel': 'linear', 'probability': True, 'random_state': 707878}"
openFace,svc,FCBF,0.98,False,Smote,0.789010989010989,0.7054545454545453,"(0.5899722361800426, 0.8209368547290481)",0.585,0.61,0.5921428571428572,0.0032437074184417727,"{'C': 5, 'coef0': 0, 'degree': 2, 'gamma': 5, 'kernel': 'poly', 'probability': True, 'random_state': 707878}"
openFace,svc,FCBF,0.98,False,Borderline,0.8263736263736264,0.7518181818181818,"(0.6696750982474247, 0.833961265388939)",0.6733333333333333,0.735,0.6884126984126985,0.006892259120941162,"{'C': 50, 'coef0': 0, 'degree': 5, 'gamma': 'scale', 'kernel': 'poly', 'probability': True, 'random_state': 707878}"
openFace,svc,FCBF,0.98,False,KMeans,0.7972527472527472,0.7136363636363636,"(0.6190908352273016, 0.8081818920454257)",0.6392857142857141,0.6599999999999999,0.6303751803751804,0.008127419551213582,"{'C': 50, 'coef0': 0, 'degree': 2, 'gamma': 1, 'kernel': 'poly', 'probability': True, 'random_state': 707878}"
openFace,svc,FCBF,0.98,False,SVM,0.8181318681318681,0.7336363636363636,"(0.6553593752822814, 0.8119133519904459)",0.7166666666666667,0.5900000000000001,0.6244444444444444,0.00019623557726542156,"{'C': 5, 'coef0': 0, 'degree': 2, 'gamma': 'scale', 'kernel': 'linear', 'probability': True, 'random_state': 707878}"
openFace,svc,FCBF,0.98,False,Tomek,0.8589743589743589,0.7781818181818181,"(0.686669143794312, 0.8696944925693242)",0.7121428571428571,0.755,0.7193434343434343,0.0030186712741851808,"{'C': 0.1, 'coef0': 0, 'degree': 5, 'gamma': 0.5, 'kernel': 'poly', 'probability': True, 'random_state': 707878}"
openFace,svc,FCBF,0.98,True,,0.7790909090909091,0.6972727272727274,"(0.6053067952225859, 0.7892386593228689)",0.6016666666666666,0.51,0.5413492063492064,0.00035574913024902347,"{'C': 50, 'coef0': 0, 'degree': 2, 'gamma': 'scale', 'kernel': 'poly', 'probability': True, 'random_state': 707878}"
openFace,svc,FCBF,0.98,True,Random,0.8111111111111111,0.7208333333333334,"(0.6223220567572261, 0.8193446099094408)",0.8116666666666668,0.63,0.6643650793650794,0.0002887439727783203,"{'C': 1, 'coef0': 0, 'degree': 5, 'gamma': 10, 'kernel': 'poly', 'probability': True, 'random_state': 707878}"
openFace,svc,FCBF,0.98,True,Smote,0.7741758241758242,0.760909090909091,"(0.6899355768409997, 0.8318826049771822)",0.6976190476190476,0.71,0.6790259740259741,0.0003052826722462972,"{'C': 5, 'coef0': 0, 'degree': 3, 'gamma': 'scale', 'kernel': 'poly', 'probability': True, 'random_state': 707878}"
openFace,svc,FCBF,0.98,True,Borderline,0.8263736263736264,0.7518181818181818,"(0.6696750982474247, 0.833961265388939)",0.6733333333333333,0.735,0.6884126984126985,0.006811505556106568,"{'C': 50, 'coef0': 0, 'degree': 5, 'gamma': 'scale', 'kernel': 'poly', 'probability': True, 'random_state': 707878}"
openFace,svc,FCBF,0.98,True,KMeans,0.7884615384615385,0.7509090909090909,"(0.6780958772322423, 0.8237223045859394)",0.7021428571428571,0.665,0.6667748917748918,0.0005020801226298013,"{'C': 100, 'coef0': 0, 'degree': 2, 'gamma': 'scale', 'kernel': 'poly', 'probability': True, 'random_state': 707878}"
openFace,svc,FCBF,0.98,True,SVM,0.810989010989011,0.7427272727272727,"(0.6565642458346096, 0.8288902996199358)",0.7166666666666667,0.615,0.6434920634920634,0.00019026676813761392,"{'C': 100, 'coef0': 0, 'degree': 2, 'gamma': 'scale', 'kernel': 'linear', 'probability': True, 'random_state': 707878}"
openFace,svc,FCBF,0.98,True,Tomek,0.8589743589743589,0.7518181818181818,"(0.6820464508451352, 0.8215899127912285)",0.7100000000000001,0.635,0.65,0.0017921880880991618,"{'C': 5, 'coef0': 0, 'degree': 5, 'gamma': 5, 'kernel': 'poly', 'probability': True, 'random_state': 707878}"
openFace,svc,FCBF,0.99,False,,0.7709090909090909,0.7336363636363636,"(0.6616114301895597, 0.8056612970831676)",0.6866666666666666,0.585,0.5997619047619047,0.00020882606506347653,"{'C': 10, 'coef0': 0, 'degree': 2, 'gamma': 'scale', 'kernel': 'poly', 'probability': True, 'random_state': 707878}"
openFace,svc,FCBF,0.99,False,Random,0.798611111111111,0.7236111111111111,"(0.6145339807029159, 0.8326882415193063)",0.7421428571428571,0.735,0.7156637806637806,0.0002672286828358968,"{'C': 50, 'coef0': 0, 'degree': 2, 'gamma': 'scale', 'kernel': 'linear', 'probability': True, 'random_state': 707878}"
openFace,svc,FCBF,0.99,False,Smote,0.8324175824175825,0.7509090909090909,"(0.6780958772322423, 0.8237223045859394)",0.6554761904761904,0.76,0.6937590187590188,0.0051511812210083005,"{'C': 0.01, 'coef0': 0, 'degree': 3, 'gamma': 10, 'kernel': 'poly', 'probability': True, 'random_state': 707878}"
openFace,svc,FCBF,0.99,False,Borderline,0.817032967032967,0.6790909090909092,"(0.6342420628966237, 0.7239397552851947)",0.6049206349206349,0.6799999999999999,0.5974691974691974,0.012283201615015666,"{'C': 5, 'coef0': 0, 'degree': 2, 'gamma': 5, 'kernel': 'poly', 'probability': True, 'random_state': 707878}"
openFace,svc,FCBF,0.99,False,KMeans,0.8126373626373627,0.7336363636363636,"(0.6553593752822814, 0.8119133519904459)",0.6571428571428571,0.64,0.6305050505050505,0.0034896806875864663,"{'C': 1, 'coef0': 0, 'degree': 2, 'gamma': 5, 'kernel': 'poly', 'probability': True, 'random_state': 707878}"
openFace,svc,FCBF,0.99,False,SVM,0.8115384615384615,0.7518181818181818,"(0.6589371939140387, 0.844699169722325)",0.6904761904761905,0.6900000000000001,0.6755844155844155,0.00021796385447184246,"{'C': 5, 'coef0': 0, 'degree': 2, 'gamma': 'scale', 'kernel': 'linear', 'probability': True, 'random_state': 707878}"
openFace,svc,FCBF,0.99,False,Tomek,0.8538461538461538,0.76,"(0.6545557895973515, 0.8654442104026485)",0.6545238095238096,0.78,0.7011616161616161,0.00699988603591919,"{'C': 5, 'coef0': 0, 'degree': 2, 'gamma': 10, 'kernel': 'poly', 'probability': True, 'random_state': 707878}"
openFace,svc,FCBF,0.99,True,,0.7709090909090909,0.7145454545454546,"(0.6401997008387709, 0.7888912082521383)",0.7066666666666668,0.45999999999999996,0.5432539682539681,0.0002964945634206136,"{'C': 10, 'coef0': 0, 'degree': 2, 'gamma': 10, 'kernel': 'poly', 'probability': True, 'random_state': 707878}"
openFace,svc,FCBF,0.99,True,Random,0.7611111111111111,0.7,"(0.5809478277299308, 0.8190521722700691)",0.7,0.73,0.7035209235209234,0.00017904003461201984,"{'C': 10, 'coef0': 0, 'degree': 2, 'gamma': 10, 'kernel': 'rbf', 'probability': True, 'random_state': 707878}"
openFace,svc,FCBF,0.99,True,Smote,0.803846153846154,0.76,"(0.6859709090909091, 0.8340290909090909)",0.6426190476190476,0.8300000000000001,0.7176262626262626,0.004539454778035482,"{'C': 50, 'coef0': 0, 'degree': 5, 'gamma': 10, 'kernel': 'poly', 'probability': True, 'random_state': 707878}"
openFace,svc,FCBF,0.99,True,Borderline,0.8104395604395604,0.6972727272727274,"(0.6441732220844522, 0.7503722324610026)",0.6254761904761905,0.655,0.5953751803751803,0.006430816253026325,"{'C': 100, 'coef0': 0, 'degree': 3, 'gamma': 10, 'kernel': 'poly', 'probability': True, 'random_state': 707878}"
openFace,svc,FCBF,0.99,True,KMeans,0.8060439560439561,0.7245454545454545,"(0.6557229508022194, 0.7933679582886896)",0.6616666666666666,0.615,0.6265873015873016,0.00023781418800354002,"{'C': 50, 'coef0': 0, 'degree': 2, 'gamma': 0.5, 'kernel': 'sigmoid', 'probability': True, 'random_state': 707878}"
openFace,svc,FCBF,0.99,True,SVM,0.7884615384615384,0.760909090909091,"(0.6777428030593213, 0.8440753787588606)",0.6826190476190477,0.74,0.6910894660894661,0.00024128278096516927,"{'C': 100, 'coef0': 0, 'degree': 2, 'gamma': 1, 'kernel': 'rbf', 'probability': True, 'random_state': 707878}"
openFace,svc,FCBF,0.99,True,Tomek,0.8153846153846154,0.7327272727272727,"(0.6409582454525862, 0.8244963000019592)",0.6728571428571428,0.71,0.6589898989898989,0.004240007797876994,"{'C': 50, 'coef0': 0, 'degree': 5, 'gamma': 10, 'kernel': 'poly', 'probability': True, 'random_state': 707878}"
openFace,svc,CFS,0.0,False,,0.78,0.7709090909090909,"(0.6780913570663468, 0.8637268247518349)",0.7933333333333333,0.54,0.6185714285714285,0.00021626869837443034,"{'C': 0.1, 'coef0': 0, 'degree': 2, 'gamma': 0.5, 'kernel': 'poly', 'probability': True, 'random_state': 707878}"
openFace,svc,CFS,0.0,False,Random,0.75,0.7722222222222223,"(0.6850822576484061, 0.8593621867960384)",0.7883333333333333,0.755,0.7523304473304473,0.00019493460655212403,"{'C': 5, 'coef0': 0, 'degree': 2, 'gamma': 'scale', 'kernel': 'linear', 'probability': True, 'random_state': 707878}"
openFace,svc,CFS,0.0,False,Smote,0.8324175824175825,0.7236363636363636,"(0.6519285133797164, 0.7953442138930109)",0.6449999999999999,0.6849999999999999,0.6516666666666666,0.010319032669067384,"{'C': 1, 'coef0': 0, 'degree': 5, 'gamma': 0.1, 'kernel': 'poly', 'probability': True, 'random_state': 707878}"
openFace,svc,CFS,0.0,False,Borderline,0.8609890109890109,0.760909090909091,"(0.6777428030593213, 0.8440753787588606)",0.6838095238095238,0.735,0.69502886002886,0.01649161418279012,"{'C': 0.1, 'coef0': 0, 'degree': 2, 'gamma': 10, 'kernel': 'poly', 'probability': True, 'random_state': 707878}"
openFace,svc,CFS,0.0,False,KMeans,0.8120879120879121,0.760909090909091,"(0.6671219746817117, 0.8546962071364702)",0.6978571428571428,0.7150000000000001,0.692878787878788,0.0004686601956685385,"{'C': 0.1, 'coef0': 0, 'degree': 2, 'gamma': 1, 'kernel': 'poly', 'probability': True, 'random_state': 707878}"
openFace,svc,CFS,0.0,False,SVM,0.8038461538461539,0.7145454545454545,"(0.6284833674817999, 0.8006075416091091)",0.6211904761904762,0.735,0.6619264069264069,0.03489410082499186,"{'C': 5, 'coef0': 0, 'degree': 5, 'gamma': 0.1, 'kernel': 'poly', 'probability': True, 'random_state': 707878}"
openFace,svc,CFS,0.0,False,Tomek,0.8692307692307691,0.7527272727272727,"(0.6611324873547526, 0.8443220580997928)",0.6488095238095237,0.76,0.6866161616161617,0.016160776615142824,"{'C': 0.1, 'coef0': 0, 'degree': 2, 'gamma': 10, 'kernel': 'poly', 'probability': True, 'random_state': 707878}"
openFace,svc,CFS,0.0,True,,0.760909090909091,0.7145454545454546,"(0.6284833674818, 0.8006075416091092)",0.6516666666666666,0.61,0.6051587301587301,0.0024450568358103434,"{'C': 5, 'coef0': 0, 'degree': 3, 'gamma': 5, 'kernel': 'poly', 'probability': True, 'random_state': 707878}"
openFace,svc,CFS,0.0,True,Random,0.7861111111111111,0.7472222222222222,"(0.6691637641899861, 0.8252806802544583)",0.7816666666666666,0.705,0.7247113997113996,0.0002793089548746745,"{'C': 5, 'coef0': 0, 'degree': 2, 'gamma': 5, 'kernel': 'poly', 'probability': True, 'random_state': 707878}"
openFace,svc,CFS,0.0,True,Smote,0.8252747252747253,0.7236363636363636,"(0.6754395983390538, 0.7718331289336735)",0.6371428571428571,0.6599999999999999,0.6374891774891775,0.007337539990743001,"{'C': 100, 'coef0': 0, 'degree': 5, 'gamma': 'scale', 'kernel': 'poly', 'probability': True, 'random_state': 707878}"
openFace,svc,CFS,0.0,True,Borderline,0.8697802197802197,0.7427272727272727,"(0.6682646950941515, 0.8171898503603938)",0.6454761904761905,0.735,0.6765367965367965,0.030286797682444255,"{'C': 10, 'coef0': 0, 'degree': 3, 'gamma': 10, 'kernel': 'poly', 'probability': True, 'random_state': 707878}"
openFace,svc,CFS,0.0,True,KMeans,0.7917582417582418,0.77,"(0.7054034095263035, 0.8345965904736965)",0.7350000000000001,0.6849999999999999,0.6916666666666667,0.0007112443447113038,"{'C': 10, 'coef0': 0, 'degree': 2, 'gamma': 5, 'kernel': 'poly', 'probability': True, 'random_state': 707878}"
openFace,svc,CFS,0.0,True,SVM,0.8038461538461539,0.7145454545454545,"(0.6284833674817999, 0.8006075416091091)",0.6211904761904762,0.735,0.6619264069264069,0.03460621436436971,"{'C': 1, 'coef0': 0, 'degree': 5, 'gamma': 5, 'kernel': 'poly', 'probability': True, 'random_state': 707878}"
openFace,svc,CFS,0.0,True,Tomek,0.8692307692307691,0.7072727272727273,"(0.6286513598324326, 0.785894094713022)",0.6,0.665,0.6199999999999999,0.01669439196586609,"{'C': 0.01, 'coef0': 0, 'degree': 5, 'gamma': 10, 'kernel': 'poly', 'probability': True, 'random_state': 707878}"
openFace,svc,CFS,0.98,False,,0.740909090909091,0.7145454545454546,"(0.654147612210834, 0.7749432968800752)",0.6621428571428571,0.61,0.6010606060606059,0.00036966363588968916,"{'C': 100, 'coef0': 0, 'degree': 2, 'gamma': 'scale', 'kernel': 'linear', 'probability': True, 'random_state': 707878}"
openFace,svc,CFS,0.98,False,Random,0.8097222222222221,0.701388888888889,"(0.5570962585993825, 0.8456815191783954)",0.8133333333333332,0.61,0.6501010101010102,0.0006118384997049967,"{'C': 1, 'coef0': 0, 'degree': 3, 'gamma': 1, 'kernel': 'poly', 'probability': True, 'random_state': 707878}"
openFace,svc,CFS,0.98,False,Smote,0.7681318681318682,0.7427272727272728,"(0.6821856859275249, 0.8032688595270207)",0.6700000000000002,0.71,0.6704761904761904,0.0185230028629303,"{'C': 0.1, 'coef0': 0, 'degree': 3, 'gamma': 10, 'kernel': 'poly', 'probability': True, 'random_state': 707878}"
openFace,svc,CFS,0.98,False,Borderline,0.832967032967033,0.740909090909091,"(0.6439106121785817, 0.8379075696396002)",0.6754761904761903,0.705,0.6749999999999999,0.03625410834948222,"{'C': 50, 'coef0': 0, 'degree': 3, 'gamma': 1, 'kernel': 'poly', 'probability': True, 'random_state': 707878}"
openFace,svc,CFS,0.98,False,KMeans,0.8054945054945056,0.7518181818181818,"(0.675609322026529, 0.8280270416098346)",0.7071428571428572,0.6849999999999999,0.6738383838383838,0.0003369347254435221,"{'C': 0.01, 'coef0': 0, 'degree': 2, 'gamma': 10, 'kernel': 'poly', 'probability': True, 'random_state': 707878}"
openFace,svc,CFS,0.98,False,SVM,0.7967032967032968,0.7045454545454545,"(0.5906176301409056, 0.8184732789500033)",0.5966666666666667,0.6599999999999999,0.623015873015873,0.012395176092783611,"{'C': 10, 'coef0': 0, 'degree': 2, 'gamma': 5, 'kernel': 'poly', 'probability': True, 'random_state': 707878}"
openFace,svc,CFS,0.98,False,Tomek,0.8294871794871795,0.7154545454545456,"(0.6072460413509836, 0.8236630495581075)",0.6333333333333334,0.64,0.6284126984126984,0.00027448773384094235,"{'C': 0.1, 'coef0': 0, 'degree': 3, 'gamma': 0.5, 'kernel': 'poly', 'probability': True, 'random_state': 707878}"
openFace,svc,CFS,0.98,True,,0.7327272727272727,0.7054545454545454,"(0.6232457096703565, 0.7876633812387344)",0.6016666666666667,0.54,0.5599206349206348,0.0008786749839782716,"{'C': 100, 'coef0': 0, 'degree': 2, 'gamma': 10, 'kernel': 'poly', 'probability': True, 'random_state': 707878}"
openFace,svc,CFS,0.98,True,Random,0.75,0.7,"(0.5778559935876134, 0.8221440064123865)",0.7616666666666666,0.635,0.6647835497835498,0.002437864939371744,"{'C': 50, 'coef0': 0, 'degree': 5, 'gamma': 10, 'kernel': 'poly', 'probability': True, 'random_state': 707878}"
openFace,svc,CFS,0.98,True,Smote,0.7604395604395604,0.7881818181818182,"(0.7112366830862449, 0.8651269532773915)",0.7683333333333333,0.6849999999999999,0.7164285714285714,0.0029344173272450765,"{'C': 50, 'coef0': 0, 'degree': 5, 'gamma': 'scale', 'kernel': 'poly', 'probability': True, 'random_state': 707878}"
openFace,svc,CFS,0.98,True,Borderline,0.8192307692307693,0.7027272727272728,"(0.589345134279419, 0.8161094111751265)",0.6388095238095238,0.6799999999999999,0.6376984126984127,0.033312027454376225,"{'C': 50, 'coef0': 0, 'degree': 5, 'gamma': 10, 'kernel': 'poly', 'probability': True, 'random_state': 707878}"
openFace,svc,CFS,0.98,True,KMeans,0.7923076923076924,0.6781818181818182,"(0.6061471002895533, 0.7502165360740831)",0.51,0.33999999999999997,0.39761904761904765,0.00018904566764831542,"{'C': 0.1, 'coef0': 0, 'degree': 2, 'gamma': 5, 'kernel': 'poly', 'probability': True, 'random_state': 707878}"
openFace,svc,CFS,0.98,True,SVM,0.7835164835164835,0.7772727272727272,"(0.6774102097964778, 0.8771352447489766)",0.7285714285714285,0.7,0.694155844155844,0.005903119246164957,"{'C': 100, 'coef0': 0, 'degree': 5, 'gamma': 'scale', 'kernel': 'poly', 'probability': True, 'random_state': 707878}"
openFace,svc,CFS,0.98,True,Tomek,0.8294871794871795,0.6790909090909091,"(0.5722809016822181, 0.7859009164996)",0.5738095238095238,0.6599999999999999,0.6037806637806638,0.00024023175239562986,"{'C': 5, 'coef0': 0, 'degree': 2, 'gamma': 10, 'kernel': 'rbf', 'probability': True, 'random_state': 707878}"
openFace,svc,CFS,0.99,False,,0.7527272727272727,0.7345454545454546,"(0.657676685747399, 0.8114142233435102)",0.7566666666666666,0.515,0.6015873015873017,0.0002222291628519694,"{'C': 0.01, 'coef0': 0, 'degree': 2, 'gamma': 5, 'kernel': 'poly', 'probability': True, 'random_state': 707878}"
openFace,svc,CFS,0.99,False,Random,0.7236111111111111,0.5888888888888889,"(0.48176465847979455, 0.6960131192979833)",0.5861904761904762,0.67,0.6104978354978354,0.000174869696299235,"{'C': 100, 'coef0': 0, 'degree': 2, 'gamma': 'auto', 'kernel': 'sigmoid', 'probability': True, 'random_state': 707878}"
openFace,svc,CFS,0.99,False,Smote,0.7890109890109891,0.760909090909091,"(0.6899355768409997, 0.8318826049771822)",0.6804761904761905,0.76,0.6976479076479075,0.002215400536855062,"{'C': 0.1, 'coef0': 0, 'degree': 3, 'gamma': 10, 'kernel': 'poly', 'probability': True, 'random_state': 707878}"
openFace,svc,CFS,0.99,False,Borderline,0.8252747252747253,0.77,"(0.6758129582178662, 0.8641870417821338)",0.7594444444444445,0.6849999999999999,0.6901892551892551,0.00694668968518575,"{'C': 50, 'coef0': 0, 'degree': 3, 'gamma': 0.5, 'kernel': 'poly', 'probability': True, 'random_state': 707878}"
openFace,svc,CFS,0.99,False,KMeans,0.8197802197802198,0.7245454545454546,"(0.6432070948556698, 0.8058838142352394)",0.6833333333333333,0.61,0.6079365079365079,0.01959733843803406,"{'C': 0.1, 'coef0': 0, 'degree': 5, 'gamma': 0.5, 'kernel': 'poly', 'probability': True, 'random_state': 707878}"
openFace,svc,CFS,0.99,False,SVM,0.7972527472527473,0.7418181818181818,"(0.6586999285892147, 0.824936435047149)",0.6399999999999999,0.6849999999999999,0.6491269841269841,0.00133562167485555,"{'C': 10, 'coef0': 0, 'degree': 2, 'gamma': 1, 'kernel': 'poly', 'probability': True, 'random_state': 707878}"
openFace,svc,CFS,0.99,False,Tomek,0.8461538461538461,0.7218181818181819,"(0.6250646276989107, 0.8185717359374531)",0.6383333333333333,0.71,0.6549999999999999,0.01944757382074992,"{'C': 0.01, 'coef0': 0, 'degree': 3, 'gamma': 10, 'kernel': 'poly', 'probability': True, 'random_state': 707878}"
openFace,svc,CFS,0.99,True,,0.77,0.7245454545454545,"(0.6432070948556697, 0.8058838142352392)",0.75,0.515,0.5796825396825397,0.00020436962445576984,"{'C': 100, 'coef0': 0, 'degree': 2, 'gamma': 1, 'kernel': 'sigmoid', 'probability': True, 'random_state': 707878}"
openFace,svc,CFS,0.99,True,Random,0.7847222222222222,0.711111111111111,"(0.579660734260856, 0.8425614879613661)",0.7516666666666667,0.71,0.7033549783549783,0.0024090802669525144,"{'C': 10, 'coef0': 0, 'degree': 5, 'gamma': 10, 'kernel': 'poly', 'probability': True, 'random_state': 707878}"
openFace,svc,CFS,0.99,True,Smote,0.7967032967032968,0.7527272727272727,"(0.6846771350612574, 0.820777410393288)",0.735,0.5900000000000001,0.6311904761904763,0.00022878289222717286,"{'C': 1, 'coef0': 0, 'degree': 5, 'gamma': 10, 'kernel': 'poly', 'probability': True, 'random_state': 707878}"
openFace,svc,CFS,0.99,True,Borderline,0.8038461538461539,0.769090909090909,"(0.6725317955904218, 0.8656500225913963)",0.735,0.6849999999999999,0.6873809523809523,0.002828816970189412,"{'C': 10, 'coef0': 0, 'degree': 5, 'gamma': 10, 'kernel': 'poly', 'probability': True, 'random_state': 707878}"
openFace,svc,CFS,0.99,True,KMeans,0.8142857142857143,0.6781818181818182,"(0.6129951269477205, 0.7433685094159159)",0.61,0.37,0.4352380952380952,0.00026186505953470867,"{'C': 5, 'coef0': 0, 'degree': 5, 'gamma': 'scale', 'kernel': 'poly', 'probability': True, 'random_state': 707878}"
openFace,svc,CFS,0.99,True,SVM,0.7972527472527473,0.7418181818181818,"(0.6586999285892147, 0.824936435047149)",0.6399999999999999,0.6849999999999999,0.6491269841269841,0.0011035998662312827,"{'C': 100, 'coef0': 0, 'degree': 2, 'gamma': 10, 'kernel': 'poly', 'probability': True, 'random_state': 707878}"
openFace,svc,CFS,0.99,True,Tomek,0.8384615384615385,0.7054545454545454,"(0.6356054155712423, 0.7753036753378486)",0.6116666666666666,0.665,0.6199206349206349,0.0018880967299143476,"{'C': 100, 'coef0': 0, 'degree': 2, 'gamma': 10, 'kernel': 'poly', 'probability': True, 'random_state': 707878}"
openFace,svc,RFS,0.0,False,,0.7618181818181818,0.7618181818181818,"(0.664406432666823, 0.8592299309695407)",0.7233333333333333,0.61,0.6423015873015873,0.0003707857926686604,"{'C': 10, 'coef0': 0, 'degree': 2, 'gamma': 'scale', 'kernel': 'linear', 'probability': True, 'random_state': 707878}"
openFace,svc,RFS,0.0,False,Random,0.8097222222222221,0.8097222222222221,"(0.692073901434124, 0.9273705430103203)",0.8088095238095239,0.8300000000000001,0.7982323232323233,0.0002983280022939046,"{'C': 10, 'coef0': 0, 'degree': 2, 'gamma': 'scale', 'kernel': 'linear', 'probability': True, 'random_state': 707878}"
openFace,svc,RFS,0.0,False,Smote,0.8065934065934066,0.7336363636363636,"(0.6616114301895597, 0.8056612970831676)",0.775,0.41500000000000004,0.5116666666666667,0.00023202021916707361,"{'C': 1, 'coef0': 0, 'degree': 2, 'gamma': 10, 'kernel': 'rbf', 'probability': True, 'random_state': 707878}"
openFace,svc,RFS,0.0,False,Borderline,0.8252747252747253,0.8072727272727273,"(0.7357223038805257, 0.8788231506649288)",0.7002380952380952,0.9,0.7770923520923521,0.0002536427974700927,"{'C': 5, 'coef0': 0, 'degree': 2, 'gamma': 1, 'kernel': 'rbf', 'probability': True, 'random_state': 707878}"
openFace,svc,RFS,0.0,False,KMeans,0.8060439560439562,0.77,"(0.6618783719925787, 0.8781216280074213)",0.7166666666666667,0.71,0.7045238095238096,0.00020181735356648763,"{'C': 10, 'coef0': 0, 'degree': 2, 'gamma': 'scale', 'kernel': 'poly', 'probability': True, 'random_state': 707878}"
openFace,svc,RFS,0.0,False,SVM,0.8109890109890111,0.7709090909090909,"(0.6832995260891817, 0.8585186557290001)",0.7333333333333333,0.71,0.6978571428571428,0.0001930411656697591,"{'C': 10, 'coef0': 0, 'degree': 2, 'gamma': 'scale', 'kernel': 'poly', 'probability': True, 'random_state': 707878}"
openFace,svc,RFS,0.0,False,Tomek,0.8307692307692308,0.7436363636363637,"(0.6588059978740265, 0.8284667293987008)",0.6916666666666667,0.735,0.6874314574314575,0.00018976410230000813,"{'C': 5, 'coef0': 0, 'degree': 2, 'gamma': 'scale', 'kernel': 'linear', 'probability': True, 'random_state': 707878}"
openFace,svc,RFS,0.0,True,,0.76,0.76,"(0.6545557895973515, 0.8654442104026485)",0.705,0.6599999999999999,0.6712698412698412,0.0012379797299702964,"{'C': 1, 'coef0': 0, 'degree': 3, 'gamma': 10, 'kernel': 'poly', 'probability': True, 'random_state': 707878}"
openFace,svc,RFS,0.0,True,Random,0.7722222222222223,0.7722222222222223,"(0.661870637069679, 0.8825738073747655)",0.7804761904761904,0.78,0.7614574314574315,0.00018979390462239588,"{'C': 1, 'coef0': 0, 'degree': 2, 'gamma': 10, 'kernel': 'poly', 'probability': True, 'random_state': 707878}"
openFace,svc,RFS,0.0,True,Smote,0.8252747252747253,0.7509090909090907,"(0.6463149261934529, 0.8555032556247286)",0.6745238095238095,0.735,0.6955772005772006,0.0172065790494283,"{'C': 0.1, 'coef0': 0, 'degree': 5, 'gamma': 10, 'kernel': 'poly', 'probability': True, 'random_state': 707878}"
openFace,svc,RFS,0.0,True,Borderline,0.8109890109890111,0.7418181818181818,"(0.6586999285892147, 0.824936435047149)",0.665,0.71,0.6705555555555556,0.018655598560969038,"{'C': 100, 'coef0': 0, 'degree': 3, 'gamma': 5, 'kernel': 'poly', 'probability': True, 'random_state': 707878}"
openFace,svc,RFS,0.0,True,KMeans,0.8054945054945055,0.7327272727272727,"(0.6518436363636363, 0.813610909090909)",0.6538095238095238,0.6599999999999999,0.6394733044733045,0.011301251649856566,"{'C': 1, 'coef0': 0, 'degree': 5, 'gamma': 5, 'kernel': 'poly', 'probability': True, 'random_state': 707878}"
openFace,svc,RFS,0.0,True,SVM,0.8098901098901099,0.7509090909090909,"(0.666167390303736, 0.8356507915144458)",0.6683333333333332,0.735,0.6918253968253968,0.0008898226420084636,"{'C': 5, 'coef0': 0, 'degree': 3, 'gamma': 5, 'kernel': 'poly', 'probability': True, 'random_state': 707878}"
openFace,svc,RFS,0.0,True,Tomek,0.8564102564102564,0.76,"(0.6859709090909091, 0.8340290909090909)",0.7033333333333334,0.71,0.6935714285714285,0.0012118812402089436,"{'C': 1, 'coef0': 0, 'degree': 5, 'gamma': 'scale', 'kernel': 'poly', 'probability': True, 'random_state': 707878}"
openFace,svc,RFS,0.98,False,,0.760909090909091,0.760909090909091,"(0.6899355768409997, 0.8318826049771822)",0.7333333333333333,0.61,0.6402380952380953,0.0004537367820739746,"{'C': 50, 'coef0': 0, 'degree': 2, 'gamma': 'scale', 'kernel': 'linear', 'probability': True, 'random_state': 707878}"
openFace,svc,RFS,0.98,False,Random,0.775,0.775,"(0.6417268282718944, 0.9082731717281056)",0.7816666666666666,0.76,0.761031746031746,0.000211104154586792,"{'C': 50, 'coef0': 0, 'degree': 2, 'gamma': 0.1, 'kernel': 'poly', 'probability': True, 'random_state': 707878}"
openFace,svc,RFS,0.98,False,Smote,0.8043956043956045,0.7518181818181819,"(0.6641416054349711, 0.8394947582013927)",0.6627777777777777,0.805,0.7136813186813186,0.000297237237294515,"{'C': 5, 'coef0': 0, 'degree': 2, 'gamma': 10, 'kernel': 'rbf', 'probability': True, 'random_state': 707878}"
openFace,svc,RFS,0.98,False,Borderline,0.8032967032967033,0.760909090909091,"(0.672273165334416, 0.849545016483766)",0.7033333333333334,0.73,0.6984415584415584,0.0482718821366628,"{'C': 0.1, 'coef0': 0, 'degree': 3, 'gamma': 10, 'kernel': 'poly', 'probability': True, 'random_state': 707878}"
openFace,svc,RFS,0.98,False,KMeans,0.8126373626373627,0.7418181818181818,"(0.6709009604661187, 0.812735403170245)",0.667142857142857,0.6599999999999999,0.6501082251082251,0.00021269877751668294,"{'C': 10, 'coef0': 0, 'degree': 2, 'gamma': 'scale', 'kernel': 'linear', 'probability': True, 'random_state': 707878}"
openFace,svc,RFS,0.98,False,SVM,0.7890109890109891,0.7054545454545453,"(0.5984182337662463, 0.8124908571428444)",0.6341666666666667,0.6599999999999999,0.6304761904761904,0.043124547402064006,"{'C': 0.1, 'coef0': 0, 'degree': 3, 'gamma': 10, 'kernel': 'poly', 'probability': True, 'random_state': 707878}"
openFace,svc,RFS,0.98,False,Tomek,0.8230769230769232,0.7336363636363636,"(0.6495710154032556, 0.8177017118694717)",0.6249206349206349,0.8300000000000001,0.7036596736596735,0.00033712983131408694,"{'C': 10, 'coef0': 0, 'degree': 2, 'gamma': 5, 'kernel': 'rbf', 'probability': True, 'random_state': 707878}"
openFace,svc,RFS,0.98,True,,0.7518181818181818,0.7518181818181818,"(0.6891412436733856, 0.8144951199629781)",0.6966666666666667,0.61,0.631984126984127,0.0020394110679626464,"{'C': 100, 'coef0': 0, 'degree': 2, 'gamma': 10, 'kernel': 'poly', 'probability': True, 'random_state': 707878}"
openFace,svc,RFS,0.98,True,Random,0.7847222222222222,0.7847222222222222,"(0.6722006431875465, 0.897243801256898)",0.775,0.73,0.7375396825396825,0.0009592477480570474,"{'C': 50, 'coef0': 0, 'degree': 2, 'gamma': 10, 'kernel': 'poly', 'probability': True, 'random_state': 707878}"
openFace,svc,RFS,0.98,True,Smote,0.7890109890109889,0.7418181818181818,"(0.6586999285892147, 0.824936435047149)",0.6466666666666667,0.755,0.6927272727272726,0.02042890111605326,"{'C': 10, 'coef0': 0, 'degree': 5, 'gamma': 10, 'kernel': 'poly', 'probability': True, 'random_state': 707878}"
openFace,svc,RFS,0.98,True,Borderline,0.7956043956043957,0.7609090909090909,"(0.6671219746817116, 0.8546962071364701)",0.6888095238095238,0.76,0.7078066378066378,0.0003564012050628662,"{'C': 100, 'coef0': 0, 'degree': 2, 'gamma': 'scale', 'kernel': 'rbf', 'probability': True, 'random_state': 707878}"
openFace,svc,RFS,0.98,True,KMeans,0.7983516483516484,0.7436363636363637,"(0.6707199785104215, 0.8165527487623058)",0.735,0.5900000000000001,0.6361111111111112,0.00019260327021280928,"{'C': 50, 'coef0': 0, 'degree': 3, 'gamma': 0.5, 'kernel': 'poly', 'probability': True, 'random_state': 707878}"
openFace,svc,RFS,0.98,True,SVM,0.7945054945054946,0.7336363636363636,"(0.6495710154032556, 0.8177017118694717)",0.6427777777777777,0.75,0.6693523143523142,0.022718205849329633,"{'C': 5, 'coef0': 0, 'degree': 5, 'gamma': 10, 'kernel': 'poly', 'probability': True, 'random_state': 707878}"
openFace,svc,RFS,0.98,True,Tomek,0.8519230769230768,0.7781818181818181,"(0.7036467125587096, 0.8527169238049266)",0.7033333333333334,0.735,0.712142857142857,0.00045227328936258944,"{'C': 100, 'coef0': 0, 'degree': 2, 'gamma': 10, 'kernel': 'rbf', 'probability': True, 'random_state': 707878}"
openFace,svc,RFS,0.99,False,,0.7345454545454546,0.7345454545454546,"(0.6462946791830471, 0.8227962299078622)",0.6683333333333332,0.54,0.5764285714285715,0.0004206208388010661,"{'C': 0.01, 'coef0': 0, 'degree': 2, 'gamma': 10, 'kernel': 'poly', 'probability': True, 'random_state': 707878}"
openFace,svc,RFS,0.99,False,Random,0.7625,0.7625,"(0.631580467738885, 0.8934195322611149)",0.7633333333333333,0.76,0.7496825396825397,0.00035178701082865394,"{'C': 0.01, 'coef0': 0, 'degree': 2, 'gamma': 10, 'kernel': 'poly', 'probability': True, 'random_state': 707878}"
openFace,svc,RFS,0.99,False,Smote,0.80989010989011,0.759090909090909,"(0.6597, 0.8584818181818181)",0.6566666666666667,0.79,0.704920634920635,0.011198675632476809,"{'C': 0.01, 'coef0': 0, 'degree': 3, 'gamma': 10, 'kernel': 'poly', 'probability': True, 'random_state': 707878}"
openFace,svc,RFS,0.99,False,Borderline,0.8032967032967034,0.7509090909090909,"(0.6607933226481688, 0.8410248591700129)",0.6554761904761904,0.7849999999999999,0.7034415584415584,0.0007846462726593017,"{'C': 100, 'coef0': 0, 'degree': 2, 'gamma': 'scale', 'kernel': 'linear', 'probability': True, 'random_state': 707878}"
openFace,svc,RFS,0.99,False,KMeans,0.7901098901098901,0.7336363636363636,"(0.6958367926474999, 0.7714359346252274)",0.6359523809523809,0.76,0.6792640692640692,0.008489416042963664,"{'C': 0.01, 'coef0': 0, 'degree': 5, 'gamma': 5, 'kernel': 'poly', 'probability': True, 'random_state': 707878}"
openFace,svc,RFS,0.99,False,SVM,0.787912087912088,0.7327272727272727,"(0.6644427876968665, 0.8010117577576789)",0.6416666666666667,0.71,0.6633333333333333,0.005077222983042399,"{'C': 1, 'coef0': 0, 'degree': 3, 'gamma': 1, 'kernel': 'poly', 'probability': True, 'random_state': 707878}"
openFace,svc,RFS,0.99,False,Tomek,0.8371794871794872,0.7790909090909092,"(0.7077212975518258, 0.8504605206299926)",0.6950000000000001,0.765,0.7126190476190476,0.008297789494196576,"{'C': 0.01, 'coef0': 0, 'degree': 5, 'gamma': 1, 'kernel': 'poly', 'probability': True, 'random_state': 707878}"
openFace,svc,RFS,0.99,True,,0.7981818181818181,0.7981818181818181,"(0.7126893947777284, 0.8836742415859078)",0.825,0.615,0.6735714285714287,0.0005598056316375733,"{'C': 50, 'coef0': 0, 'degree': 2, 'gamma': 'scale', 'kernel': 'poly', 'probability': True, 'random_state': 707878}"
openFace,svc,RFS,0.99,True,Random,0.7847222222222222,0.7847222222222222,"(0.6948500528442457, 0.8745943916001987)",0.8133333333333332,0.755,0.763044733044733,0.00024225910504659017,"{'C': 5, 'coef0': 0, 'degree': 2, 'gamma': 5, 'kernel': 'poly', 'probability': True, 'random_state': 707878}"
openFace,svc,RFS,0.99,True,Smote,0.817032967032967,0.769090909090909,"(0.7083826955330351, 0.829799122648783)",0.6721428571428572,0.7849999999999999,0.7120923520923521,0.000341871976852417,"{'C': 50, 'coef0': 0, 'degree': 2, 'gamma': 10, 'kernel': 'rbf', 'probability': True, 'random_state': 707878}"
openFace,svc,RFS,0.99,True,Borderline,0.793956043956044,0.7418181818181817,"(0.6256867257254638, 0.8579496379108996)",0.647142857142857,0.76,0.6916161616161617,0.0010447279612223307,"{'C': 100, 'coef0': 0, 'degree': 2, 'gamma': 'scale', 'kernel': 'poly', 'probability': True, 'random_state': 707878}"
openFace,svc,RFS,0.99,True,KMeans,0.8126373626373627,0.7790909090909091,"(0.7014164775255074, 0.8567653406563107)",0.7466666666666667,0.64,0.6712698412698412,0.0018261233965555829,"{'C': 100, 'coef0': 0, 'degree': 2, 'gamma': 5, 'kernel': 'poly', 'probability': True, 'random_state': 707878}"
openFace,svc,RFS,0.99,True,SVM,0.8043956043956044,0.7781818181818181,"(0.686669143794312, 0.8696944925693242)",0.7483333333333333,0.64,0.6781746031746032,0.00023201386133829752,"{'C': 50, 'coef0': 0, 'degree': 2, 'gamma': 1, 'kernel': 'poly', 'probability': True, 'random_state': 707878}"
openFace,svc,RFS,0.99,True,Tomek,0.8506410256410255,0.769090909090909,"(0.6944927929690818, 0.8436890252127363)",0.6754761904761905,0.7849999999999999,0.7143145743145742,0.0003371981779734294,"{'C': 100, 'coef0': 0, 'degree': 2, 'gamma': 5, 'kernel': 'rbf', 'probability': True, 'random_state': 707878}"
openFace,svc,ReliefF,0.0,False,,0.780909090909091,0.780909090909091,"(0.6789421113082142, 0.8828760705099677)",0.6833333333333333,0.6599999999999999,0.6623809523809524,0.0037472029527028405,"{'C': 0.01, 'coef0': 0, 'degree': 3, 'gamma': 5, 'kernel': 'poly', 'probability': True, 'random_state': 707878}"
openFace,svc,ReliefF,0.0,False,Random,0.7861111111111111,0.7861111111111111,"(0.6828441672349082, 0.889378054987314)",0.845,0.735,0.7675396825396826,0.0009466063976287843,"{'C': 0.1, 'coef0': 0, 'degree': 2, 'gamma': 10, 'kernel': 'poly', 'probability': True, 'random_state': 707878}"
openFace,svc,ReliefF,0.0,False,Smote,0.8318681318681319,0.7972727272727272,"(0.6864048248016013, 0.9081406297438532)",0.7054761904761905,0.8400000000000001,0.7582034632034631,0.00033315936724344895,"{'C': 5, 'coef0': 0, 'degree': 2, 'gamma': 10, 'kernel': 'rbf', 'probability': True, 'random_state': 707878}"
openFace,svc,ReliefF,0.0,False,Borderline,0.8532967032967033,0.8345454545454546,"(0.7743346028835554, 0.8947563062073538)",0.7521428571428571,0.8800000000000001,0.8023304473304472,0.0003395044803619385,"{'C': 5, 'coef0': 0, 'degree': 2, 'gamma': 10, 'kernel': 'rbf', 'probability': True, 'random_state': 707878}"
openFace,svc,ReliefF,0.0,False,KMeans,0.8280219780219781,0.7981818181818181,"(0.697543644197937, 0.8988199921656992)",0.7166666666666666,0.6849999999999999,0.6941269841269841,0.004785689910252888,"{'C': 50, 'coef0': 0, 'degree': 3, 'gamma': 'scale', 'kernel': 'poly', 'probability': True, 'random_state': 707878}"
openFace,svc,ReliefF,0.0,False,SVM,0.8181318681318681,0.7709090909090909,"(0.6832995260891817, 0.8585186557290001)",0.72,0.6849999999999999,0.6834920634920636,0.003584731419881185,"{'C': 0.1, 'coef0': 0, 'degree': 5, 'gamma': 0.5, 'kernel': 'poly', 'probability': True, 'random_state': 707878}"
openFace,svc,ReliefF,0.0,False,Tomek,0.8489010989010989,0.8072727272727273,"(0.713048279496804, 0.9014971750486505)",0.7171428571428571,0.8400000000000001,0.7671717171717172,0.00028642853101094564,"{'C': 10, 'coef0': 0, 'degree': 2, 'gamma': 5, 'kernel': 'rbf', 'probability': True, 'random_state': 707878}"
openFace,svc,ReliefF,0.0,True,,0.7627272727272728,0.7627272727272728,"(0.6438270856683593, 0.8816274597861863)",0.65,0.6599999999999999,0.6452380952380953,0.0022908735275268552,"{'C': 10, 'coef0': 0, 'degree': 3, 'gamma': 'scale', 'kernel': 'poly', 'probability': True, 'random_state': 707878}"
openFace,svc,ReliefF,0.0,True,Random,0.773611111111111,0.773611111111111,"(0.6818311790254858, 0.8653910431967362)",0.82,0.735,0.7615873015873016,0.0014674325784047443,"{'C': 100, 'coef0': 0, 'degree': 2, 'gamma': 'scale', 'kernel': 'poly', 'probability': True, 'random_state': 707878}"
openFace,svc,ReliefF,0.0,True,Smote,0.8005494505494506,0.7981818181818181,"(0.7126893947777284, 0.8836742415859078)",0.7366666666666666,0.7849999999999999,0.7492063492063492,0.0016471064090728762,"{'C': 5, 'coef0': 0, 'degree': 3, 'gamma': 'scale', 'kernel': 'poly', 'probability': True, 'random_state': 707878}"
openFace,svc,ReliefF,0.0,True,Borderline,0.8093406593406594,0.7709090909090909,"(0.7012215866875441, 0.8405965951306377)",0.7183333333333334,0.71,0.6967460317460318,0.0020511138439178464,"{'C': 0.1, 'coef0': 0, 'degree': 5, 'gamma': 'scale', 'kernel': 'poly', 'probability': True, 'random_state': 707878}"
openFace,svc,ReliefF,0.0,True,KMeans,0.8351648351648351,0.7709090909090909,"(0.6684663095565736, 0.8733518722616082)",0.6799999999999999,0.635,0.6480952380952381,0.0072889486948649095,"{'C': 100, 'coef0': 0, 'degree': 3, 'gamma': 10, 'kernel': 'poly', 'probability': True, 'random_state': 707878}"
openFace,svc,ReliefF,0.0,True,SVM,0.8252747252747252,0.7709090909090909,"(0.6684663095565736, 0.8733518722616082)",0.7033333333333334,0.71,0.6977777777777778,0.002971824407577515,"{'C': 50, 'coef0': 0, 'degree': 5, 'gamma': 5, 'kernel': 'poly', 'probability': True, 'random_state': 707878}"
openFace,svc,ReliefF,0.0,True,Tomek,0.8115384615384615,0.7981818181818182,"(0.7073597375666246, 0.8890038987970118)",0.7461904761904762,0.7849999999999999,0.7508946608946608,0.0016731894016265869,"{'C': 5, 'coef0': 0, 'degree': 3, 'gamma': 'scale', 'kernel': 'poly', 'probability': True, 'random_state': 707878}"
openFace,svc,ReliefF,0.98,False,,0.7709090909090909,0.7709090909090909,"(0.6832995260891817, 0.8585186557290001)",0.8016666666666665,0.5349999999999999,0.6178571428571428,0.0007656323909759521,"{'C': 0.01, 'coef0': 0, 'degree': 5, 'gamma': 'scale', 'kernel': 'poly', 'probability': True, 'random_state': 707878}"
openFace,svc,ReliefF,0.98,False,Random,0.7833333333333333,0.7833333333333333,"(0.6981020532120591, 0.8685646134546076)",0.7888095238095237,0.8300000000000001,0.7974386724386724,0.00016546527544657386,"{'C': 5, 'coef0': 0, 'degree': 2, 'gamma': 1, 'kernel': 'rbf', 'probability': True, 'random_state': 707878}"
openFace,svc,ReliefF,0.98,False,Smote,0.8313186813186814,0.8081818181818182,"(0.7251059715064672, 0.8912576648571693)",0.7483333333333333,0.7849999999999999,0.7567460317460317,0.0008156232039133708,"{'C': 1, 'coef0': 0, 'degree': 3, 'gamma': 'scale', 'kernel': 'poly', 'probability': True, 'random_state': 707878}"
openFace,svc,ReliefF,0.98,False,Borderline,0.8181318681318682,0.7536363636363637,"(0.639411991123169, 0.8678607361495583)",0.6709523809523809,0.8099999999999999,0.7172005772005772,0.0003121022383371989,"{'C': 50, 'coef0': 0, 'degree': 2, 'gamma': 10, 'kernel': 'rbf', 'probability': True, 'random_state': 707878}"
openFace,svc,ReliefF,0.98,False,KMeans,0.8203296703296704,0.7427272727272728,"(0.6682646950941517, 0.8171898503603939)",0.6649999999999999,0.7150000000000001,0.6726190476190474,0.0002555771668752034,"{'C': 0.1, 'coef0': 0, 'degree': 2, 'gamma': 10, 'kernel': 'rbf', 'probability': True, 'random_state': 707878}"
openFace,svc,ReliefF,0.98,False,SVM,0.8247252747252748,0.8163636363636364,"(0.7295622454314135, 0.9031650272958593)",0.7666666666666667,0.8099999999999999,0.776984126984127,0.0014401197433471678,"{'C': 5, 'coef0': 0, 'degree': 3, 'gamma': 1, 'kernel': 'poly', 'probability': True, 'random_state': 707878}"
openFace,svc,ReliefF,0.98,False,Tomek,0.8346153846153846,0.8081818181818182,"(0.7144748918830455, 0.901888744480591)",0.745,0.7849999999999999,0.7584920634920636,0.000814521312713623,"{'C': 1, 'coef0': 0, 'degree': 3, 'gamma': 'scale', 'kernel': 'poly', 'probability': True, 'random_state': 707878}"
openFace,svc,ReliefF,0.98,True,,0.7709090909090909,0.7709090909090909,"(0.6832995260891817, 0.8585186557290001)",0.8016666666666665,0.5349999999999999,0.6178571428571428,0.0007522841294606527,"{'C': 0.01, 'coef0': 0, 'degree': 5, 'gamma': 'scale', 'kernel': 'poly', 'probability': True, 'random_state': 707878}"
openFace,svc,ReliefF,0.98,True,Random,0.7708333333333333,0.7708333333333333,"(0.6784341446494252, 0.8632325220172413)",0.7804761904761903,0.805,0.7795815295815295,0.00017066319783528644,"{'C': 5, 'coef0': 0, 'degree': 2, 'gamma': 'scale', 'kernel': 'rbf', 'probability': True, 'random_state': 707878}"
openFace,svc,ReliefF,0.98,True,Smote,0.8313186813186814,0.8081818181818182,"(0.7251059715064672, 0.8912576648571693)",0.7483333333333333,0.7849999999999999,0.7567460317460317,0.0008141561349232992,"{'C': 1, 'coef0': 0, 'degree': 3, 'gamma': 'scale', 'kernel': 'poly', 'probability': True, 'random_state': 707878}"
openFace,svc,ReliefF,0.98,True,Borderline,0.7873626373626375,0.7709090909090908,"(0.6596709895823563, 0.8821471922358253)",0.7116666666666667,0.71,0.7056349206349207,0.0011145293712615967,"{'C': 0.01, 'coef0': 0, 'degree': 5, 'gamma': 'scale', 'kernel': 'poly', 'probability': True, 'random_state': 707878}"
openFace,svc,ReliefF,0.98,True,KMeans,0.8142857142857143,0.7709090909090909,"(0.6780913570663468, 0.8637268247518349)",0.7583333333333333,0.5349999999999999,0.6166666666666667,0.0013431203365325928,"{'C': 10, 'coef0': 0, 'degree': 5, 'gamma': 10, 'kernel': 'poly', 'probability': True, 'random_state': 707878}"
openFace,svc,ReliefF,0.98,True,SVM,0.8324175824175825,0.8263636363636364,"(0.7377065098257748, 0.915020762901498)",0.78,0.8099999999999999,0.785873015873016,0.0010409196217854816,"{'C': 50, 'coef0': 0, 'degree': 3, 'gamma': 10, 'kernel': 'poly', 'probability': True, 'random_state': 707878}"
openFace,svc,ReliefF,0.98,True,Tomek,0.8346153846153846,0.8081818181818182,"(0.7144748918830455, 0.901888744480591)",0.745,0.7849999999999999,0.7584920634920636,0.0008178142706553142,"{'C': 1, 'coef0': 0, 'degree': 3, 'gamma': 'scale', 'kernel': 'poly', 'probability': True, 'random_state': 707878}"
openFace,svc,ReliefF,0.99,False,,0.7718181818181818,0.7718181818181818,"(0.645038735651826, 0.8985976279845377)",0.72,0.6849999999999999,0.6896825396825397,0.003944621880849202,"{'C': 1, 'coef0': 0, 'degree': 2, 'gamma': 10, 'kernel': 'poly', 'probability': True, 'random_state': 707878}"
openFace,svc,ReliefF,0.99,False,Random,0.773611111111111,0.773611111111111,"(0.6641726309789291, 0.883049591243293)",0.8116666666666668,0.735,0.758015873015873,0.0007874027887980143,"{'C': 1, 'coef0': 0, 'degree': 2, 'gamma': 5, 'kernel': 'poly', 'probability': True, 'random_state': 707878}"
openFace,svc,ReliefF,0.99,False,Smote,0.8043956043956044,0.7718181818181818,"(0.637831541790957, 0.9058048218454067)",0.7083333333333333,0.765,0.7273809523809522,0.00030193169911702476,"{'C': 10, 'coef0': 0, 'degree': 2, 'gamma': 10, 'kernel': 'rbf', 'probability': True, 'random_state': 707878}"
openFace,svc,ReliefF,0.99,False,Borderline,0.8401098901098901,0.780909090909091,"(0.670109015708472, 0.89170916610971)",0.6971428571428572,0.8400000000000001,0.743997113997114,0.000300751527150472,"{'C': 10, 'coef0': 0, 'degree': 2, 'gamma': 10, 'kernel': 'rbf', 'probability': True, 'random_state': 707878}"
openFace,svc,ReliefF,0.99,False,KMeans,0.8208791208791208,0.7718181818181818,"(0.6526811336983348, 0.8909552299380289)",0.6849999999999999,0.6599999999999999,0.661984126984127,0.007703533172607422,"{'C': 0.01, 'coef0': 0, 'degree': 3, 'gamma': 10, 'kernel': 'poly', 'probability': True, 'random_state': 707878}"
openFace,svc,ReliefF,0.99,False,SVM,0.8241758241758242,0.7618181818181818,"(0.6801483509782598, 0.8434880126581039)",0.6833333333333333,0.74,0.6995238095238095,0.00032983620961507163,"{'C': 0.1, 'coef0': 0, 'degree': 2, 'gamma': 5, 'kernel': 'poly', 'probability': True, 'random_state': 707878}"
openFace,svc,ReliefF,0.99,False,Tomek,0.8412087912087912,0.7536363636363637,"(0.6169418777101031, 0.8903308495626242)",0.69,0.72,0.6869841269841269,0.0003019483884175618,"{'C': 10, 'coef0': 0, 'degree': 2, 'gamma': 10, 'kernel': 'rbf', 'probability': True, 'random_state': 707878}"
openFace,svc,ReliefF,0.99,True,,0.7709090909090909,0.7709090909090909,"(0.6555244686470865, 0.8862937131710953)",0.74,0.6849999999999999,0.6984126984126984,0.001419162352879842,"{'C': 100, 'coef0': 0, 'degree': 2, 'gamma': 'scale', 'kernel': 'poly', 'probability': True, 'random_state': 707878}"
openFace,svc,ReliefF,0.99,True,Random,0.773611111111111,0.773611111111111,"(0.6641726309789291, 0.883049591243293)",0.8116666666666668,0.735,0.758015873015873,0.0009176874160766603,"{'C': 100, 'coef0': 0, 'degree': 3, 'gamma': 10, 'kernel': 'poly', 'probability': True, 'random_state': 707878}"
openFace,svc,ReliefF,0.99,True,Smote,0.7868131868131868,0.78,"(0.6925514724429231, 0.8674485275570769)",0.7150000000000001,0.735,0.7175396825396826,0.001981048583984375,"{'C': 10, 'coef0': 0, 'degree': 5, 'gamma': 10, 'kernel': 'poly', 'probability': True, 'random_state': 707878}"
openFace,svc,ReliefF,0.99,True,Borderline,0.7873626373626372,0.7709090909090909,"(0.6888375368835621, 0.8529806449346197)",0.6816666666666666,0.8099999999999999,0.7284920634920635,0.0002063310146331787,"{'C': 10, 'coef0': 0, 'degree': 2, 'gamma': 10, 'kernel': 'poly', 'probability': True, 'random_state': 707878}"
openFace,svc,ReliefF,0.99,True,KMeans,0.8274725274725275,0.780909090909091,"(0.6659466947430777, 0.8958714870751043)",0.7016666666666667,0.6849999999999999,0.6857936507936507,0.006992763678232828,"{'C': 100, 'coef0': 0, 'degree': 3, 'gamma': 'scale', 'kernel': 'poly', 'probability': True, 'random_state': 707878}"
openFace,svc,ReliefF,0.99,True,SVM,0.8241758241758242,0.78,"(0.7105150565331234, 0.8494849434668766)",0.7016666666666665,0.76,0.722936507936508,0.00039385676383972166,"{'C': 10, 'coef0': 0, 'degree': 3, 'gamma': 10, 'kernel': 'poly', 'probability': True, 'random_state': 707878}"
openFace,svc,ReliefF,0.99,True,Tomek,0.8027472527472528,0.7436363636363637,"(0.6262734136489334, 0.8609993136237939)",0.6842857142857144,0.71,0.6621212121212121,0.10972410003344217,"{'C': 100, 'coef0': 0, 'degree': 5, 'gamma': 'scale', 'kernel': 'poly', 'probability': True, 'random_state': 707878}"
